Workbook

Sheet Erros
C1: Bitcoin | M1: S&P 500 | W1: Gold | AG1: EUR/USD | AQ1: Long Run 2020-2026
C2: Monthly | G2: Static | K2: Real world | M2: Monthly | Q2: Static | U2: Real world | W2: Monthly | AA2: Static | AE2: Real world | AG2: Monthly | AK2: Static | AO2: Real world | AQ2: Asset | AR2: Bitcoin | AV2: S&P 500 | AZ2: Gold | BD2: EUR/USD
A3: Ano previsto | C3: ARIMA | D3: XGBoost | E3: RNN | F3: RW | G3: ARIMA | H3: XGBoost | I3: RNN | J3: RW | M3: ARIMA | N3: XGBoost | O3: RNN | P3: RW | Q3: ARIMA | R3: XGBoost | S3: RNN | T3: RW | W3: ARIMA | X3: XGBoost | Y3: RNN | Z3: RW | AA3: ARIMA | AB3: XGBoost | AC3: RNN | AD3: RW | AG3: ARIMA | AH3: XGBoost | AI3: RNN | AJ3: RW | AK3: ARIMA | AL3: XGBoost | AM3: RNN | AN3: RW | AQ3: Model | AR3: ARIMA | AS3: XGBoost | AT3: RNN | AU3: RW | AV3: ARIMA | AW3: XGBoost | AX3: RNN | AY3: RW | AZ3: ARIMA | BA3: XGBoost | BB3: RNN | BC3: RW | BD3: ARIMA | BE3: XGBoost | BF3: RNN | BG3: RW
A4: 2020 | B4: 1'Abril'20 | C4: 0.41475333 | D4: 0.40075168 | E4: 0.13678391 | F4: 0.42665964 | G4: 0.46569556 | H4: 0.38329442 | I4: 0.14652557 | J4: 0.46034646 | K4: COVID crash and liquidation | M4: 0.19948593 | N4: 0.20194293 | O4: 0.19862781 | P4: 0.19947784 | Q4: 0.32068002 | R4: 0.31860757 | S4: 0.3088646 | T4: 0.32095932 | U4: COVID crash | W4: -0.0036045704 | X4: -0.0088188877 | Y4: 0.00087115712 | Z4: -0.0036108832 | AA4: -0.017928161 | AB4: -0.019929297 | AC4: -0.010662206 | AD4: -0.017928161 | AE4: COVID turns investors to gold | AG4: 0.0060207991 | AH4: 0.0072067141 | AI4: 0.0093048714 | AJ4: 0.0060207991 | AK4: 0.0237183 | AL4: 0.026637475 | AM4: 0.027732166 | AN4: 0.0237183 | AO4: COVID weakened the EUR more than the USD which was the flight-to-safety currency, and the US recovered faster than the EU, with lower rates for longer | AQ4: Real Value | AR4: 88812.1 | AV4: 6845.5 | AZ4: 4361.55 | BD4: 1.1746
B5: 1'Julho'20 | C5: 0.22329928 | D5: 0.20175083 | E5: 0.15664308 | F5: 0.21777809 | G5: 0.41518218 | H5: 0.26726075 | I5: -0.12689845 | J5: 0.41036848 | M5: -0.015992169 | N5: -0.016393337 | O5: -0.013116596 | P5: -0.016001797 | Q5: 0.057588498 | R5: 0.054064636 | S5: 0.03889085 | T5: 0.057809943 | W5: -0.013135569 | X5: -0.013798528 | Y5: -0.0085454239 | Z5: -0.013135569 | AA5: -0.10746109 | AB5: -0.10910163 | AC5: -0.094977246 | AD5: -0.10746109 | AG5: -0.0099555556 | AH5: -0.0078222222 | AI5: -0.0077333333 | AJ5: -0.0099555556 | AK5: -0.0014222222 | AL5: 0.0033777778 | AM5: 0.0055111111 | AN5: -0.0013333333 | AQ5: Forecast | AR5: 8728751.7 | AS5: 2449202.5 | AT5: 41325.33 | AU5: 8747194.8 | AV5: 4104.39 | AW5: 3934.46 | AX5: 3316.06 | AY5: 4105.26 | AZ5: 2523.25 | BA5: 2528.42 | BB5: 2959.86 | BC5: 2523.24 | BD5: 1.1509 | BE5: 1.2085 | BF5: 1.224 | BG5: 1.1511
B6: 1'Outubro'20 | C6: 0.23645591 | D6: 0.22066852 | E6: 0.041074337 | F6: 0.23548985 | G6: 0.65639942 | H6: 0.40653642 | I6: -0.187913 | J6: 0.65118309 | M6: 0.047441434 | N6: 0.046829153 | O6: 0.047793422 | P6: 0.047207761 | Q6: -0.015434217 | R6: -0.020459655 | S6: -0.041451727 | T6: -0.015227165 | W6: 0.038864195 | X6: 0.035867803 | Y6: 0.036631282 | Z6: 0.038885112 | AA6: -0.15147205 | AB6: -0.15284736 | AC6: -0.13358783 | AD6: -0.15147728 | AG6: 0.01447178 | AH6: 0.016259471 | AI6: 0.017025624 | AJ6: 0.01447178 | AK6: -0.042564059 | AL6: -0.036094322 | AM6: -0.033285094 | AN6: -0.042564059 | AQ6: Erro | AR6: =(AR5-AR4)/AR4 -> 97.283361 | AS6: =(AS5-AR4)/AR4 -> 26.577351 | AT6: =(AT5-AR4)/AR4 -> -0.53468807 | AU6: =(AU5-AR4)/AR4 -> 97.491025 | AV6: =(AV5-AV4)/AV4 -> -0.4004251 | AW6: =(AW5-AV4)/AV4 -> -0.4252487 | AX6: =(AX5-AV4)/AV4 -> -0.51558542 | AY6: =(AY5-AV4)/AV4 -> -0.40029801 | AZ6: =(AZ5-AZ4)/AZ4 -> -0.4214786 | BA6: =(BA5-AZ4)/AZ4 -> -0.42029324 | BB6: =(BB5-AZ4)/AZ4 -> -0.32137428 | BC6: =(BC5-AZ4)/AZ4 -> -0.4214809 | BD6: =(BD5-BD4)/BD4 -> -0.020177082 | BE6: =(BE5-BD4)/BD4 -> 0.028860889 | BF6: =(BF5-BD4)/BD4 -> 0.04205687 | BG6: =(BG5-BD4)/BD4 -> -0.020006811
B7: 1'Janeiro'21 | C7: -0.29695435 | D7: -0.30107562 | E7: -0.31829775 | F7: -0.29225474 | G7: -0.19303199 | H7: -0.3502076 | I7: -0.68316922 | J7: -0.19536988 | K7: Liquidity at zero rates by the FED | M7: -0.020547909 | N7: -0.021357259 | O7: -0.011038045 | P7: -0.020995181 | Q7: -0.10485876 | R7: -0.11101675 | S7: -0.13627699 | T7: -0.1046724 | U7: FED's zero rates policy and economic stimulus grows the S&P | W7: -0.033961269 | X7: -0.033787135 | Y7: -0.029328268 | Z7: -0.034014036 | AA7: -0.12544457 | AB7: -0.12678487 | AC7: -0.10211071 | AD7: -0.12544984 | AG7: -0.011053795 | AH7: -0.0095799558 | AI7: -0.012281995 | AJ7: -0.011053795 | AK7: -0.078113486 | AL7: -0.069925489 | AM7: -0.066732171 | AN7: -0.078031606
A8: 2021 | B8: 1'Abril'21 | C8: -0.063089361 | D8: -0.082914526 | E8: -0.14875601 | F8: -0.059713922 | G8: -0.33530671 | H8: -0.3718311 | I8: 0.23630316 | J8: -0.33471575 | M8: -0.025552874 | N8: -0.025769298 | O8: -0.027052912 | P8: -0.025565313 | Q8: -0.055618299 | R8: -0.056048658 | S8: -0.047438991 | T8: -0.055048633 | W8: 0.0049788688 | X8: 0.0050830776 | Y8: 0.011121403 | Z8: 0.0049788688 | AA8: 0.12215018 | AB8: 0.12383489 | AC8: 0.10136629 | AD8: 0.12215597 | AE8: FED's zero rates policy makes it easy to buy gold | AG8: 0.023779193 | AH8: 0.025392781 | AI8: 0.024458599 | AJ8: 0.023779193 | AK8: 0.03940552 | AL8: 0.042887473 | AM8: 0.046199575 | AN8: 0.039320594
B9: 1'Julho'21 | C9: 0.18461555 | D9: 0.17109613 | E9: 0.060823525 | F9: 0.20798573 | G9: 0.56969496 | H9: 0.39030098 | I9: 1.7423559 | J9: 0.57149233 | K9: China prohibits mining | M9: -0.023375541 | N9: -0.023539897 | O9: -0.022627839 | P9: -0.023387115 | Q9: -0.11125721 | R9: -0.11260214 | S9: -0.096863353 | T9: -0.11072247 | W9: 0.079496848 | X9: 0.08020036 | Y9: 0.077414453 | Z9: 0.079496848 | AA9: 0.11575304 | AB9: 0.12004728 | AC9: 0.072495498 | AD9: 0.1157643 | AG9: 0.031313302 | AH9: 0.033254558 | AI9: 0.032832546 | AJ9: 0.031397704 | AK9: 0.035111411 | AL9: 0.040850777 | AM9: 0.048446995 | AN9: 0.035111411
B10: 1'Outubro'21 | C10: 0.123204 | D10: 0.095201263 | E10: -0.0074708179 | F10: 0.12033835 | G10: 0.48021186 | H10: 0.22785278 | I10: 1.3366554 | J10: 0.48228949 | M10: 0.042898784 | N10: 0.04270599 | O10: 0.040206564 | P10: 0.042751894 | Q10: -0.10874225 | R10: -0.1110443 | S10: -0.087560248 | T10: -0.10820519 | W10: 0.039358252 | X10: 0.039847528 | Y10: 0.049138078 | Z10: 0.039403766 | AA10: 0.15387723 | AB10: 0.16106275 | AC10: 0.085566365 | AD10: 0.15388292 | AG10: 0.021562877 | AH10: 0.023632914 | AI10: 0.022511644 | AJ10: 0.021562877 | AK10: 0.060031051 | AL10: 0.068311195 | AM10: 0.08055891 | AN10: 0.059944799
B11: 1'Janeiro'22 | C11: 0.33030374 | D11: 0.29501278 | E11: 0.14150111 | F11: 0.3261517 | G11: 1.0205934 | H11: 0.56974926 | I11: 1.8798927 | J11: 1.0239526 | K11: FED raised rates 11 times, making Bitcoin more difficult to buy and FTX goes banrupt | M11: -0.04730603 | N11: -0.049152365 | O11: -0.046317821 | P11: -0.049041165 | Q11: -0.1759389 | R11: -0.17894549 | S11: -0.15008392 | T11: -0.17544165 | W11: -0.017762222 | X11: -0.016941923 | Y11: -0.019402822 | Z11: -0.017827846 | AA11: 0.13470415 | AB11: 0.14454227 | AC11: 0.04463524 | AD11: 0.13470961 | AG11: -0.0039584799 | AH11: -0.0026389866 | AI11: -0.0054539057 | AJ11: -0.0039584799 | AK11: 0.083391977 | AL11: 0.094299789 | AM11: 0.11127727 | AN11: 0.083304011
A12: 2022 | B12: 1'Abril'22 | C12: 0.054603322 | D12: 0.037879344 | E12: 0.10892758 | F12: 0.057854289 | G12: 0.31265071 | H12: 0.23391516 | I12: 0.19819124 | J12: 0.32580491 | M12: -0.048371485 | N12: -0.048985231 | O12: -0.045436947 | P12: -0.048600265 | Q12: 0.062934186 | R12: 0.061730894 | S12: 0.071119656 | T12: 0.062657011 | U12: FED increases rates 11 times, making it difficult to invest + Russia- Ukraine war | W12: 0.0039464917 | X12: 0.004310389 | Y12: 0.015324689 | Z12: 0.003772231 | AA12: -0.042888627 | AB12: -0.040833376 | AC12: -0.059735534 | AD12: -0.042786121 | AE12: The war turns investors to gold but the higher FED's rates difficult buying it | AG12: 0.0069664345 | AH12: 0.0080521125 | AI12: 0.0092282638 | AJ12: 0.0069664345 | AK12: 0.029675201 | AL12: 0.031303718 | AM12: 0.031484665 | AN12: 0.029675201 | AO12: The war in Europe crashed the EUR further, and the FED was able to raise rates before the ECB, making USD even more attractive
B13: 1'Julho'22 | C13: 0.69227323 | D13: 0.6358648 | E13: 0.66464188 | F13: 0.69255356 | G13: 3.1884192 | H13: 2.7169165 | I13: 2.623579 | J13: 3.2317309 | M13: 0.077033877 | N13: 0.0757268 | O13: 0.082481773 | P13: 0.076396023 | Q13: 0.28023726 | R13: 0.27767278 | S13: 0.30042375 | T13: 0.27990265 | W13: 0.028501079 | X13: 0.029037791 | Y13: 0.037248935 | Z13: 0.028478946 | AA13: 0.055309025 | AB13: 0.06007857 | AC13: 0.018541471 | AD13: 0.055419687 | AG13: 0.021192942 | AH13: 0.022247794 | AI13: 0.022056003 | AJ13: 0.021097046 | AK13: 0.092635213 | AL13: 0.095032605 | AM13: 0.093785961 | AN13: 0.092635213
B14: 1'Outubro'22 | C14: 0.13778137 | D14: 0.094873627 | E14: 0.058884936 | F14: 0.13531605 | G14: 4.5637685 | H14: 3.6582568 | I14: 3.5695442 | J14: 4.6231013 | M14: 0.11130572 | N14: 0.11036864 | O14: 0.11316035 | P14: 0.11049972 | Q14: 0.38450812 | R14: 0.38051997 | S14: 0.41764604 | T14: 0.38414835 | W14: 0.028498437 | X14: 0.029352008 | Y14: 0.027686944 | Z14: 0.028420293 | AA14: 0.17120101 | AB14: 0.17917769 | AC14: 0.11044121 | AD14: 0.17132123 | AG14: 0.014695377 | AH14: 0.015613838 | AI14: 0.017246658 | AJ14: 0.014797428 | AK14: 0.16409838 | AL14: 0.16746607 | AM14: 0.16420043 | AN14: 0.16420043
B15: 1'Janeiro'23 | C15: 0.10628761 | D15: 0.071624224 | E15: -0.00060294613 | F15: 0.11251203 | G15: 7.6104739 | H15: 5.8014761 | I15: 5.714298 | J15: 7.7050817 | M15: 0.063073317 | N15: 0.065792421 | O15: 0.068657377 | P15: 0.065972132 | Q15: 0.31064982 | R15: 0.3057221 | S15: 0.35326735 | T15: 0.31030863 | W15: -0.0029134721 | X15: -0.003253012 | Y15: -0.0021796276 | Z15: -0.0029353779 | AA15: 0.090054765 | AB15: 0.099989047 | AC15: 0.015109529 | AD15: 0.09016977 | AG15: -0.016725846 | AH15: -0.015884881 | AI15: -0.017006167 | AJ15: -0.016632405 | AK15: 0.067090264 | AL15: 0.070827883 | AM15: 0.066155859 | AN15: 0.067183704
A16: 2023 | B16: 1'Abril'23 | C16: -0.093443585 | D16: -0.12086582 | E16: -0.19819793 | F16: -0.094918137 | G16: -0.26199022 | H16: -0.32709015 | I16: -0.33914275 | J16: -0.26093245 | K16: Banking crisis and BTC brief safe haven | M16: -0.034533778 | N16: -0.034966941 | O16: -0.034047078 | P16: -0.034808764 | Q16: -0.055773354 | R16: -0.056586142 | S16: -0.056060507 | T16: -0.055783088 | U16: Investors got clarity that the FED was done raising rates | W16: -0.065451345 | X16: -0.065139552 | Y16: -0.066552678 | Z16: -0.065375911 | AA16: -0.062997234 | AB16: -0.062192607 | AC16: -0.079124969 | AD16: -0.063002263 | AE16: Banking crisis pushes people to save their money in assets | AG16: -0.015960882 | AH16: -0.01457699 | AI16: -0.014853769 | AJ16: -0.015960882 | AK16: -0.012178245 | AL16: -0.0085801273 | AM16: -0.010333057 | AN16: -0.012178245
B17: 1'Julho'23 | C17: -0.04325853 | D17: -0.07490813 | E17: -0.11454386 | F17: -0.047724836 | G17: -0.12711921 | H17: -0.27414506 | I17: -0.28338891 | J17: -0.12558457 | M17: -0.047386965 | N17: -0.048018371 | O17: -0.045178165 | P17: -0.047917257 | Q17: -0.11892468 | R17: -0.1204077 | S17: -0.11773826 | T17: -0.11893366 | W17: 0.043047083 | X17: 0.042869806 | Y17: 0.04868867 | Z17: 0.043083581 | AA17: -0.0087074404 | AB17: -0.0063871943 | AC17: -0.044501799 | AD17: -0.0087074404 | AG17: -0.013473877 | AH17: -0.012098992 | AI17: -0.010815765 | AJ17: -0.013565536 | AK17: -0.018148488 | AL17: -0.010815765 | AM17: -0.015582035 | AN17: -0.018148488
B18: 1'Outubro'23 | C18: 0.010079179 | D18: -0.029399274 | E18: -0.11275054 | F18: -0.00012046685 | G18: 0.2165322 | H18: -0.078322043 | I18: -0.085255143 | J18: 0.21907094 | M18: 0.057506326 | N18: 0.057294108 | O18: 0.053492846 | P18: 0.057343081 | Q18: -0.075799023 | R18: -0.078126421 | S18: -0.073028533 | T18: -0.075808351 | W18: 0.048772399 | X18: 0.047702594 | Y18: 0.057619684 | Z18: 0.04871356 | AA18: 0.03791923 | AB18: 0.041909601 | AC18: -0.019497192 | AD18: 0.037913881 | AG18: 0.019394513 | AH18: 0.020813623 | AI18: 0.02128666 | AJ18: 0.019299905 | AK18: 0.013812677 | AL18: 0.025354778 | AM18: 0.017123936 | AN18: 0.013907285 | AO18: Europe stabilized, and so did the EUR, above the USD
B19: 1'Janeiro'24 | C19: -0.047721542 | D19: -0.074907092 | E19: -0.093155574 | F19: -0.047757982 | G19: -0.018198011 | H19: -0.32229593 | I19: -0.3229206 | J19: -0.015826758 | K19: Approval of BTC ETF and stock correlation | M19: -0.033078747 | N19: -0.03268041 | O19: -0.041802328 | P19: -0.032766367 | Q19: -0.16026986 | R19: -0.16308548 | S19: -0.15633681 | T19: -0.16027825 | W19: -0.0099640029 | X19: -0.0093832493 | Y19: -0.0074202064 | Z19: -0.010035997 | AA19: -0.049493641 | AB19: -0.044406048 | AC19: -0.1199376 | AD19: -0.04949844 | AG19: -0.014487505 | AH19: -0.012495473 | AI19: -0.015574067 | AJ19: -0.014578051 | AK19: -0.02924665 | AL19: -0.014396958 | AM19: -0.025805867 | AN19: -0.029156103
A20: 2024 | B20: 1'Abril'24 | C20: -0.015430693 | D20: -0.041634752 | E20: 0.048345209 | F20: -0.024462853 | G20: -0.22911071 | H20: -0.28786712 | I20: -0.31059795 | J20: -0.22664632 | M20: -0.016364181 | N20: -0.015889332 | O20: -0.018421861 | P20: -0.015925565 | Q20: -0.078962273 | R20: -0.079206373 | S20: -0.083880491 | T20: -0.078973715 | U20: The AI boom and Magnificent 7 enormous growth | W20: -0.078614364 | X20: -0.078983926 | Y20: -0.078805824 | Z20: -0.078543123 | AA20: -0.052678214 | AB20: -0.05063449 | AC20: -0.044868427 | AD20: -0.052682666 | AE20: Gold's historical rally due to FED's rate cuts and geopolitical tensions. The war and tariffs made central banks buy gold to diversify from the weakened US dollars | AG20: 0.0089360514 | AH20: 0.010146142 | AI20: 0.012380155 | AJ20: 0.0089360514 | AK20: 0.028018244 | AL20: 0.033882528 | AM20: 0.03248627 | AN20: 0.028018244
B21: 1'Julho'24 | C21: 0.16624413 | D21: 0.13564583 | E21: 0.026476504 | F21: 0.16968585 | G21: 0.085054086 | H21: -0.075337454 | I21: -0.11950927 | J21: 0.088912722 | M21: -0.032472526 | N21: -0.031794911 | O21: -0.029964804 | P21: -0.031807696 | Q21: -0.1069334 | R21: -0.10739184 | S21: -0.11498806 | T21: -0.10694436 | W21: 0.014109197 | X21: 0.013852666 | Y21: 0.02124503 | Z21: 0.014104921 | AA21: -0.071315576 | AB21: -0.066479969 | AC21: -0.05804438 | AD21: -0.071315576 | AG21: 0.0097783572 | AH21: 0.011175265 | AI21: 0.014155336 | AJ21: 0.0097783572 | AK21: 0.029335072 | AL21: 0.040789719 | AM21: 0.037530266 | AN21: 0.029335072
B22: 1'Outubro'24 | C22: 0.018049001 | D22: -0.0088425344 | E22: -0.10883333 | F22: 0.020409465 | G22: 0.47344215 | H22: 0.12243263 | I22: 0.051773389 | J22: 0.43466151 | K22: The AI boom helps BTC. However the FED lowers rates and BTC does not explode as expected, creating uncertainty in late 2025 | M22: -0.0059382527 | N22: -0.0059697832 | O22: -0.013535362 | P22: -0.0059505146 | Q22: -0.13274535 | R22: -0.13340924 | S22: -0.14370571 | T22: -0.13275586 | W22: -0.045857756 | X22: -0.046275901 | Y22: -0.035934292 | Z22: -0.04586149 | AA22: -0.17190218 | AB22: -0.16499907 | AC22: -0.15528467 | AD22: -0.17190592 | AG22: -0.001626457 | AH22: -0.0003614349 | AI22: -0.00090358724 | AJ22: -0.0015360983 | AK22: -0.00054215234 | AL22: 0.01626457 | AM22: 0.011204482 | AN22: -0.00054215234 | AO22: The EUR/USD rallied due to FED cutting rates faster than the ECB, and geopolitical uncertainty
B23: 1'Janeiro'25 | C23: 0.1239862 | D23: 0.091525081 | E23: 0.06763448 | F23: 0.11854914 | G23: 0.17131362 | H23: -0.15206842 | I23: -0.21868884 | J23: 0.17633032 | M23: 0.030799285 | N23: 0.030732977 | O23: 0.022405354 | P23: 0.030783983 | Q23: -0.14767845 | R23: -0.14854726 | S23: -0.16149775 | T23: -0.14768865 | W23: 0.02092739 | X23: 0.020893014 | Y23: 0.026274779 | Z23: 0.020923571 | AA23: -0.13487644 | AB23: -0.12494939 | AC23: -0.1136855 | AD23: -0.13487644 | AG23: 0.021342347 | AH23: 0.022597779 | AI23: 0.020473201 | AJ23: 0.021342347 | AK23: 0.068952197 | AL23: 0.093095123 | AM23: 0.085465958 | AN23: 0.069048769
A24: 2025 | B24: 1'Abril'25 | C24: 0.084714587 | D24: 0.069399114 | E24: 0.06515355 | F24: 0.096866171 | G24: 0.38928235 | H24: 0.29462333 | I24: 0.17340044 | J24: 0.39229336 | M24: 0.060835388 | N24: 0.061873898 | O24: 0.071247117 | P24: 0.062262674 | Q24: 0.059168446 | R24: 0.057329307 | S24: 0.047806968 | T24: 0.058763694 | U24: Bubble threat and AI uncertainty | W24: -0.072015257 | X24: -0.071929434 | Y24: -0.070034965 | Z24: -0.072018436 | AA24: -0.14915448 | AB24: -0.14787349 | AC24: -0.15258423 | AD24: -0.14915766 | AG24: -0.038636153 | AH24: -0.037339016 | AI24: -0.036319837 | AJ24: -0.038728806 | AK24: -0.040581859 | AL24: -0.037246363 | AM24: -0.037061058 | AN24: -0.040674511
B25: 1'Julho'25 | C25: 0.077067448 | D25: 0.053280735 | E25: 0.025481696 | F25: 0.081379507 | G25: 0.41862314 | H25: 0.22984844 | I25: 0.019705793 | J25: 0.42182738 | M25: -0.041735977 | N25: -0.042387799 | O25: -0.044694991 | P25: -0.041748884 | Q25: -0.023877019 | R25: -0.026892503 | S25: -0.043964111 | T25: -0.024249719 | W25: 0.0066123351 | X25: 0.0042002508 | Y25: 0.0015194937 | Z25: 0.0066093498 | AA25: -0.18301988 | AB25: -0.17982268 | AC25: -0.19244134 | AD25: -0.18302287 | AG25: -0.038536461 | AH25: -0.03743542 | AI25: -0.035656814 | AJ25: -0.038536461 | AK25: -0.12297789 | AL25: -0.11671043 | AM25: -0.11781147 | AN25: -0.12297789
B26: 1'Outubro'25 | C26: -0.0061456684 | D26: -0.024197352 | E26: -0.092936272 | F26: -0.0041100153 | G26: 0.60665462 | H26: 0.29477416 | I26: -0.018813303 | J26: 0.61043203 | M26: -0.032593277 | N26: -0.033171415 | O26: -0.034852187 | P26: -0.032606687 | Q26: -0.085740255 | R26: -0.089814042 | S26: -0.11354601 | T26: -0.086090416 | W26: -0.091420141 | X26: -0.094142399 | Y26: -0.079448364 | Z26: -0.091317511 | AA26: -0.28192174 | AB26: -0.27736754 | AC26: -0.29680564 | AD26: -0.28207826 | AG26: -0.0011935209 | AH26: 8.5251492e-05 | AI26: 0.0011935209 | AJ26: -0.0011935209 | AK26: -0.11713555 | AL26: -0.10758738 | AM26: -0.11005968 | AN26: -0.11713555
B27: 1'Janeiro'26 | C27: 0.050669334 | D27: 0.024785249 | E27: -0.026899037 | F27: 0.050419819 | G27: 1.7255201 | H27: 1.0417747 | I27: 0.41345098 | J27: 1.7321798 | M27: 0.00045723468 | N27: -0.00022496531 | O27: 0.00038857644 | P27: 0.00044408736 | Q27: -0.090970711 | R27: -0.096261778 | S27: -0.12748229 | T27: -0.091319845 | W27: -0.010860818 | X27: -0.012747762 | Y27: -0.0077036833 | Z27: -0.010863111 | AA27: -0.34378604 | AB27: -0.33799452 | AC27: -0.36220839 | AD27: -0.34378833 | AG27: -0.011152733 | AH27: -0.0097054316 | AI27: -0.0080878597 | AJ27: -0.011152733 | AK27: -0.11825302 | AL27: -0.10556785 | AM27: -0.10931381 | AN27: -0.11825302
B29: AVG(ABS) | C29: {=AVERAGE(ABS(C4:C27))} -> 0.15001796 | D29: {=AVERAGE(ABS(D4:D27))} -> 0.13992101 | E29: {=AVERAGE(ABS(E4:E27))} -> 0.11770066 | F29: {=AVERAGE(ABS(F4:F27))} -> 0.15170884 | G29: {=AVERAGE(ABS(G4:G27))} -> 1.0222612 | H29: {=AVERAGE(ABS(H4:H27))} -> 0.78659072 | I29: {=AVERAGE(ABS(I4:I27))} -> 0.86674889 | J29: {=AVERAGE(ABS(J4:J27))} -> 1.0300056 | L29: AVG(ABS) | M29: {=AVERAGE(ABS(M4:M27))} -> 0.046503625 | N29: {=AVERAGE(ABS(N4:N27))} -> 0.046815343 | O29: {=AVERAGE(ABS(O4:O27))} -> 0.046939505 | P29: {=AVERAGE(ABS(P4:P27))} -> 0.046677573 | Q29: {=AVERAGE(ABS(Q4:Q27))} -> 0.13022043 | R29: {=AVERAGE(ABS(R4:R27))} -> 0.13106221 | S29: {=AVERAGE(ABS(S4:S27))} -> 0.13708012 | T29: {=AVERAGE(ABS(T4:T27))} -> 0.13011221 | V29: AVG(ABS) | W29: {=AVERAGE(ABS(W4:W27))} -> 0.033444723 | X29: {=AVERAGE(ABS(X4:X27))} -> 0.033684125 | Y29: {=AVERAGE(ABS(Y4:Y27))} -> 0.034005865 | Z29: {=AVERAGE(ABS(Z4:Z27))} -> 0.033433764 | AA29: {=AVERAGE(ABS(AA4:AA27))} -> 0.11816733 | AB29: {=AVERAGE(ABS(AB4:AB27))} -> 0.11846857 | AC29: {=AVERAGE(ABS(AC4:AC27))} -> 0.10367555 | AD29: {=AVERAGE(ABS(AD4:AD27))} -> 0.11818649 | AF29: AVG(ABS) | AG29: {=AVERAGE(ABS(AG4:AG27))} -> 0.015675635 | AH29: {=AVERAGE(ABS(AH4:AH27))} -> 0.015684044 | AI29: {=AVERAGE(ABS(AI4:AI27))} -> 0.016201674 | AJ29: {=AVERAGE(ABS(AJ4:AJ27))} -> 0.01567926 | AK29: {=AVERAGE(ABS(AK4:AK27))} -> 0.05485163 | AL29: {=AVERAGE(ABS(AL4:AL27))} -> 0.056554424 | AM29: {=AVERAGE(ABS(AM4:AM27))} -> 0.057714504 | AN29: {=AVERAGE(ABS(AN4:AN27))} -> 0.054849916
B30: STD(ABS) | C30: {=_xlfn.STDEV.P(ABS(C4:C27))} -> 0.15451145 | D30: {=_xlfn.STDEV.P(ABS(D4:D27))} -> 0.14245611 | E30: {=_xlfn.STDEV.P(ABS(E4:E27))} -> 0.13295654 | F30: {=_xlfn.STDEV.P(ABS(F4:F27))} -> 0.15486313 | G30: {=_xlfn.STDEV.P(ABS(G4:G27))} -> 1.715307 | H30: {=_xlfn.STDEV.P(ABS(H4:H27))} -> 1.3312108 | I30: {=_xlfn.STDEV.P(ABS(I4:I27))} -> 1.3526052 | J30: {=_xlfn.STDEV.P(ABS(J4:J27))} -> 1.7381535 | L30: STD(ABS) | M30: {=_xlfn.STDEV.P(ABS(M4:M27))} -> 0.039470834 | N30: {=_xlfn.STDEV.P(ABS(N4:N27))} -> 0.039816554 | O30: {=_xlfn.STDEV.P(ABS(O4:O27))} -> 0.040085536 | P30: {=_xlfn.STDEV.P(ABS(P4:P27))} -> 0.03948675 | Q30: {=_xlfn.STDEV.P(ABS(Q4:Q27))} -> 0.09595728 | R30: {=_xlfn.STDEV.P(ABS(R4:R27))} -> 0.094358248 | S30: {=_xlfn.STDEV.P(ABS(S4:S27))} -> 0.1020035 | T30: {=_xlfn.STDEV.P(ABS(T4:T27))} -> 0.095905856 | V30: STD(ABS) | W30: {=_xlfn.STDEV.P(ABS(W4:W27))} -> 0.026694598 | X30: {=_xlfn.STDEV.P(ABS(X4:X27))} -> 0.02677197 | Y30: {=_xlfn.STDEV.P(ABS(Y4:Y27))} -> 0.025755609 | Z30: {=_xlfn.STDEV.P(ABS(Z4:Z27))} -> 0.02668008 | AA30: {=_xlfn.STDEV.P(ABS(AA4:AA27))} -> 0.077683363 | AB30: {=_xlfn.STDEV.P(ABS(AB4:AB27))} -> 0.076837086 | AC30: {=_xlfn.STDEV.P(ABS(AC4:AC27))} -> 0.08307943 | AD30: {=_xlfn.STDEV.P(ABS(AD4:AD27))} -> 0.077699778 | AF30: STD(ABS) | AG30: {=_xlfn.STDEV.P(ABS(AG4:AG27))} -> 0.0098934088 | AH30: {=_xlfn.STDEV.P(ABS(AH4:AH27))} -> 0.010235239 | AI30: {=_xlfn.STDEV.P(ABS(AI4:AI27))} -> 0.0094041692 | AJ30: {=_xlfn.STDEV.P(ABS(AJ4:AJ27))} -> 0.0099075786 | AK30: {=_xlfn.STDEV.P(ABS(AK4:AK27))} -> 0.042280347 | AL30: {=_xlfn.STDEV.P(ABS(AL4:AL27))} -> 0.041232717 | AM30: {=_xlfn.STDEV.P(ABS(AM4:AM27))} -> 0.041540662 | AN30: {=_xlfn.STDEV.P(ABS(AN4:AN27))} -> 0.042292183
B31: MAX(ABS) | C31: {=MAX(ABS(C4:C27))} -> 0.69227323 | D31: {=MAX(ABS(D4:D27))} -> 0.6358648 | E31: {=MAX(ABS(E4:E27))} -> 0.66464188 | F31: {=MAX(ABS(F4:F27))} -> 0.69255356 | G31: {=MAX(ABS(G4:G27))} -> 7.6104739 | H31: {=MAX(ABS(H4:H27))} -> 5.8014761 | I31: {=MAX(ABS(I4:I27))} -> 5.714298 | J31: {=MAX(ABS(J4:J27))} -> 7.7050817 | L31: MAX(ABS) | M31: {=MAX(ABS(M4:M27))} -> 0.19948593 | N31: {=MAX(ABS(N4:N27))} -> 0.20194293 | O31: {=MAX(ABS(O4:O27))} -> 0.19862781 | P31: {=MAX(ABS(P4:P27))} -> 0.19947784 | Q31: {=MAX(ABS(Q4:Q27))} -> 0.38450812 | R31: {=MAX(ABS(R4:R27))} -> 0.38051997 | S31: {=MAX(ABS(S4:S27))} -> 0.41764604 | T31: {=MAX(ABS(T4:T27))} -> 0.38414835 | V31: MAX(ABS) | W31: {=MAX(ABS(W4:W27))} -> 0.091420141 | X31: {=MAX(ABS(X4:X27))} -> 0.094142399 | Y31: {=MAX(ABS(Y4:Y27))} -> 0.079448364 | Z31: {=MAX(ABS(Z4:Z27))} -> 0.091317511 | AA31: {=MAX(ABS(AA4:AA27))} -> 0.34378604 | AB31: {=MAX(ABS(AB4:AB27))} -> 0.33799452 | AC31: {=MAX(ABS(AC4:AC27))} -> 0.36220839 | AD31: {=MAX(ABS(AD4:AD27))} -> 0.34378833 | AF31: MAX(ABS) | AG31: {=MAX(ABS(AG4:AG27))} -> 0.038636153 | AH31: {=MAX(ABS(AH4:AH27))} -> 0.03743542 | AI31: {=MAX(ABS(AI4:AI27))} -> 0.036319837 | AJ31: {=MAX(ABS(AJ4:AJ27))} -> 0.038728806 | AK31: {=MAX(ABS(AK4:AK27))} -> 0.16409838 | AL31: {=MAX(ABS(AL4:AL27))} -> 0.16746607 | AM31: {=MAX(ABS(AM4:AM27))} -> 0.16420043 | AN31: {=MAX(ABS(AN4:AN27))} -> 0.16420043
B32: # BIGGEST | C32: {=SUMPRODUCT((ABS(C4:C27)=_xlfn.BYROW(ABS($C$4:$F$27),_xlfn.LAMBDA(_xlpm.r,LARGE(_xlpm.r,1))))*1)} -> 7 | D32: {=SUMPRODUCT((ABS(D4:D27)=_xlfn.BYROW(ABS($C$4:$F$27),_xlfn.LAMBDA(_xlpm.r,LARGE(_xlpm.r,1))))*1)} -> 0 | E32: {=SUMPRODUCT((ABS(E4:E27)=_xlfn.BYROW(ABS($C$4:$F$27),_xlfn.LAMBDA(_xlpm.r,LARGE(_xlpm.r,1))))*1)} -> 10 | F32: {=SUMPRODUCT((ABS(F4:F27)=_xlfn.BYROW(ABS($C$4:$F$27),_xlfn.LAMBDA(_xlpm.r,LARGE(_xlpm.r,1))))*1)} -> 7 | G32: {=SUMPRODUCT((ABS(G4:G27)=_xlfn.BYROW(ABS($G$4:$J$27),_xlfn.LAMBDA(_xlpm.r,LARGE(_xlpm.r,1))))*1)} -> 4 | H32: {=SUMPRODUCT((ABS(H4:H27)=_xlfn.BYROW(ABS($G$4:$J$27),_xlfn.LAMBDA(_xlpm.r,LARGE(_xlpm.r,1))))*1)} -> 1 | I32: {=SUMPRODUCT((ABS(I4:I27)=_xlfn.BYROW(ABS($G$4:$J$27),_xlfn.LAMBDA(_xlpm.r,LARGE(_xlpm.r,1))))*1)} -> 10 | J32: {=SUMPRODUCT((ABS(J4:J27)=_xlfn.BYROW(ABS($G$4:$J$27),_xlfn.LAMBDA(_xlpm.r,LARGE(_xlpm.r,1))))*1)} -> 9 | L32: # BIGGEST | M32: {=SUMPRODUCT((ABS(M4:M27)=_xlfn.BYROW(ABS($M$4:$P$27),_xlfn.LAMBDA(_xlpm.r,LARGE(_xlpm.r,1))))*1)} -> 5 | N32: {=SUMPRODUCT((ABS(N4:N27)=_xlfn.BYROW(ABS($M$4:$P$27),_xlfn.LAMBDA(_xlpm.r,LARGE(_xlpm.r,1))))*1)} -> 8 | O32: {=SUMPRODUCT((ABS(O4:O27)=_xlfn.BYROW(ABS($M$4:$P$27),_xlfn.LAMBDA(_xlpm.r,LARGE(_xlpm.r,1))))*1)} -> 11 | P32: {=SUMPRODUCT((ABS(P4:P27)=_xlfn.BYROW(ABS($M$4:$P$27),_xlfn.LAMBDA(_xlpm.r,LARGE(_xlpm.r,1))))*1)} -> 0 | Q32: {=SUMPRODUCT((ABS(Q4:Q27)=_xlfn.BYROW(ABS($Q$4:$T$27),_xlfn.LAMBDA(_xlpm.r,LARGE(_xlpm.r,1))))*1)} -> 1 | R32: {=SUMPRODUCT((ABS(R4:R27)=_xlfn.BYROW(ABS($Q$4:$T$27),_xlfn.LAMBDA(_xlpm.r,LARGE(_xlpm.r,1))))*1)} -> 8 | S32: {=SUMPRODUCT((ABS(S4:S27)=_xlfn.BYROW(ABS($Q$4:$T$27),_xlfn.LAMBDA(_xlpm.r,LARGE(_xlpm.r,1))))*1)} -> 13 | T32: {=SUMPRODUCT((ABS(T4:T27)=_xlfn.BYROW(ABS($Q$4:$T$27),_xlfn.LAMBDA(_xlpm.r,LARGE(_xlpm.r,1))))*1)} -> 2 | V32: # BIGGEST | W32: {=SUMPRODUCT((ABS(W4:W27)=_xlfn.BYROW(ABS($W$4:$Z$27),_xlfn.LAMBDA(_xlpm.r,LARGE(_xlpm.r,1))))*1)} -> 1 | X32: {=SUMPRODUCT((ABS(X4:X27)=_xlfn.BYROW(ABS($W$4:$Z$27),_xlfn.LAMBDA(_xlpm.r,LARGE(_xlpm.r,1))))*1)} -> 9 | Y32: {=SUMPRODUCT((ABS(Y4:Y27)=_xlfn.BYROW(ABS($W$4:$Z$27),_xlfn.LAMBDA(_xlpm.r,LARGE(_xlpm.r,1))))*1)} -> 10 | Z32: {=SUMPRODUCT((ABS(Z4:Z27)=_xlfn.BYROW(ABS($W$4:$Z$27),_xlfn.LAMBDA(_xlpm.r,LARGE(_xlpm.r,1))))*1)} -> 4 | AA32: {=SUMPRODUCT((ABS(AA4:AA27)=_xlfn.BYROW(ABS($AA$4:$AD$27),_xlfn.LAMBDA(_xlpm.r,LARGE(_xlpm.r,1))))*1)} -> 2 | AB32: {=SUMPRODUCT((ABS(AB4:AB27)=_xlfn.BYROW(ABS($AA$4:$AD$27),_xlfn.LAMBDA(_xlpm.r,LARGE(_xlpm.r,1))))*1)} -> 12 | AC32: {=SUMPRODUCT((ABS(AC4:AC27)=_xlfn.BYROW(ABS($AA$4:$AD$27),_xlfn.LAMBDA(_xlpm.r,LARGE(_xlpm.r,1))))*1)} -> 8 | AD32: {=SUMPRODUCT((ABS(AD4:AD27)=_xlfn.BYROW(ABS($AA$4:$AD$27),_xlfn.LAMBDA(_xlpm.r,LARGE(_xlpm.r,1))))*1)} -> 4 | AF32: # BIGGEST | AG32: {=SUMPRODUCT((ABS(AG4:AG27)=_xlfn.BYROW(ABS($AG$4:$AJ$27),_xlfn.LAMBDA(_xlpm.r,LARGE(_xlpm.r,1))))*1)} -> 6 | AH32: {=SUMPRODUCT((ABS(AH4:AH27)=_xlfn.BYROW(ABS($AG$4:$AJ$27),_xlfn.LAMBDA(_xlpm.r,LARGE(_xlpm.r,1))))*1)} -> 5 | AI32: {=SUMPRODUCT((ABS(AI4:AI27)=_xlfn.BYROW(ABS($AG$4:$AJ$27),_xlfn.LAMBDA(_xlpm.r,LARGE(_xlpm.r,1))))*1)} -> 12 | AJ32: {=SUMPRODUCT((ABS(AJ4:AJ27)=_xlfn.BYROW(ABS($AG$4:$AJ$27),_xlfn.LAMBDA(_xlpm.r,LARGE(_xlpm.r,1))))*1)} -> 7 | AK32: {=SUMPRODUCT((ABS(AK4:AK27)=_xlfn.BYROW(ABS($AK$4:$AN$27),_xlfn.LAMBDA(_xlpm.r,LARGE(_xlpm.r,1))))*1)} -> 8 | AL32: {=SUMPRODUCT((ABS(AL4:AL27)=_xlfn.BYROW(ABS($AK$4:$AN$27),_xlfn.LAMBDA(_xlpm.r,LARGE(_xlpm.r,1))))*1)} -> 8 | AM32: {=SUMPRODUCT((ABS(AM4:AM27)=_xlfn.BYROW(ABS($AK$4:$AN$27),_xlfn.LAMBDA(_xlpm.r,LARGE(_xlpm.r,1))))*1)} -> 7 | AN32: {=SUMPRODUCT((ABS(AN4:AN27)=_xlfn.BYROW(ABS($AK$4:$AN$27),_xlfn.LAMBDA(_xlpm.r,LARGE(_xlpm.r,1))))*1)} -> 7
B33: # NEGATIVE | C33: =COUNTIF(C4:C27,"<0") -> 7 | D33: =COUNTIF(D4:D27,"<0") -> 9 | E33: =COUNTIF(E4:E27,"<0") -> 11 | F33: =COUNTIF(F4:F27,"<0") -> 8 | G33: =COUNTIF(G4:G27,"<0") -> 6 | H33: =COUNTIF(H4:H27,"<0") -> 9 | I33: =COUNTIF(I4:I27,"<0") -> 11 | J33: =COUNTIF(J4:J27,"<0") -> 6 | L33: # NEGATIVE | M33: =COUNTIF(M4:M27,"<0") -> 14 | N33: =COUNTIF(N4:N27,"<0") -> 15 | O33: =COUNTIF(O4:O27,"<0") -> 14 | P33: =COUNTIF(P4:P27,"<0") -> 14 | Q33: =COUNTIF(Q4:Q27,"<0") -> 17 | R33: =COUNTIF(R4:R27,"<0") -> 17 | S33: =COUNTIF(S4:S27,"<0") -> 17 | T33: =COUNTIF(T4:T27,"<0") -> 17 | V33: # NEGATIVE | W33: =COUNTIF(W4:W27,"<0") -> 12 | X33: =COUNTIF(X4:X27,"<0") -> 12 | Y33: =COUNTIF(Y4:Y27,"<0") -> 11 | Z33: =COUNTIF(Z4:Z27,"<0") -> 12 | AA33: =COUNTIF(AA4:AA27,"<0") -> 16 | AB33: =COUNTIF(AB4:AB27,"<0") -> 16 | AC33: =COUNTIF(AC4:AC27,"<0") -> 17 | AD33: =COUNTIF(AD4:AD27,"<0") -> 16 | AF33: # NEGATIVE | AG33: =COUNTIF(AG4:AG27,"<0") -> 12 | AH33: =COUNTIF(AH4:AH27,"<0") -> 11 | AI33: =COUNTIF(AI4:AI27,"<0") -> 11 | AJ33: =COUNTIF(AJ4:AJ27,"<0") -> 12 | AK33: =COUNTIF(AK4:AK27,"<0") -> 11 | AL33: =COUNTIF(AL4:AL27,"<0") -> 9 | AM33: =COUNTIF(AM4:AM27,"<0") -> 9 | AN33: =COUNTIF(AN4:AN27,"<0") -> 11
B34: # POSITIVE | C34: =COUNTIF(C4:C27,">0") -> 17 | D34: =COUNTIF(D4:D27,">0") -> 15 | E34: =COUNTIF(E4:E27,">0") -> 13 | F34: =COUNTIF(F4:F27,">0") -> 16 | G34: =COUNTIF(G4:G27,">0") -> 18 | H34: =COUNTIF(H4:H27,">0") -> 15 | I34: =COUNTIF(I4:I27,">0") -> 13 | J34: =COUNTIF(J4:J27,">0") -> 18 | L34: # POSITIVE | M34: =COUNTIF(M4:M27,">0") -> 10 | N34: =COUNTIF(N4:N27,">0") -> 9 | O34: =COUNTIF(O4:O27,">0") -> 10 | P34: =COUNTIF(P4:P27,">0") -> 10 | Q34: =COUNTIF(Q4:Q27,">0") -> 7 | R34: =COUNTIF(R4:R27,">0") -> 7 | S34: =COUNTIF(S4:S27,">0") -> 7 | T34: =COUNTIF(T4:T27,">0") -> 7 | V34: # POSITIVE | W34: =COUNTIF(W4:W27,">0") -> 12 | X34: =COUNTIF(X4:X27,">0") -> 12 | Y34: =COUNTIF(Y4:Y27,">0") -> 13 | Z34: =COUNTIF(Z4:Z27,">0") -> 12 | AA34: =COUNTIF(AA4:AA27,">0") -> 8 | AB34: =COUNTIF(AB4:AB27,">0") -> 8 | AC34: =COUNTIF(AC4:AC27,">0") -> 7 | AD34: =COUNTIF(AD4:AD27,">0") -> 8 | AF34: # POSITIVE | AG34: =COUNTIF(AG4:AG27,">0") -> 12 | AH34: =COUNTIF(AH4:AH27,">0") -> 13 | AI34: =COUNTIF(AI4:AI27,">0") -> 13 | AJ34: =COUNTIF(AJ4:AJ27,">0") -> 12 | AK34: =COUNTIF(AK4:AK27,">0") -> 13 | AL34: =COUNTIF(AL4:AL27,">0") -> 15 | AM34: =COUNTIF(AM4:AM27,">0") -> 15 | AN34: =COUNTIF(AN4:AN27,">0") -> 13
B36: Lower than RW | C36: Yes | D36: Yes | E36: Yes | F36: - | G36: Yes | H36: Yes | I36: Yes | J36: - | L36: Lower than RW | M36: Yes | N36: No | O36: No | P36: - | Q36: No | R36: No | S36: No | T36: - | V36: Lower than RW | W36: No | X36: No | Y36: No | Z36: - | AA36: Yes | AB36: No | AC36: Yes | AD36: - | AF36: Lower than RW | AG36: Yes | AH36: No | AI36: No | AJ36: - | AK36: No | AL36: No | AM36: No | AN36: -
B37: p-value | C37: {=_xlfn.T.TEST(ABS(C4:C27),ABS(F4:F27),2,1)} -> 0.26041776 | D37: {=_xlfn.T.TEST(ABS(D4:D27),ABS(F4:F27),2,1)} -> 0.040310827 | E37: {=_xlfn.T.TEST(ABS(E4:E27),ABS(F4:F27),2,1)} -> 0.13818283 | F37: - | G37: {=_xlfn.T.TEST(ABS(G4:G27),ABS(J4:J27),2,1)} -> 0.14870564 | H37: {=_xlfn.T.TEST(ABS(H4:H27),ABS(J4:J27),2,1)} -> 0.014576982 | I37: {=_xlfn.T.TEST(ABS(I4:I27),ABS(J4:J27),2,1)} -> 0.25707774 | J37: - | L37: p-value | M37: {=_xlfn.T.TEST(ABS(M4:M27),ABS(P4:P27),2,1)} -> 0.30582491 | N37: {=_xlfn.T.TEST(ABS(N4:N27),ABS(P4:P27),2,1)} -> 0.25685829 | O37: {=_xlfn.T.TEST(ABS(O4:O27),ABS(P4:P27),2,1)} -> 0.78991535 | P37: - | Q37: {=_xlfn.T.TEST(ABS(Q4:Q27),ABS(T4:T27),2,1)} -> 0.089162289 | R37: {=_xlfn.T.TEST(ABS(R4:R27),ABS(T4:T27),2,1)} -> 0.12383914 | S37: {=_xlfn.T.TEST(ABS(S4:S27),ABS(T4:T27),2,1)} -> 0.094298181 | T37: - | V37: p-value | W37: {=_xlfn.T.TEST(ABS(W4:W27),ABS(Z4:Z27),2,1)} -> 0.35860007 | X37: {=_xlfn.T.TEST(ABS(X4:X27),ABS(Z4:Z27),2,1)} -> 0.44619773 | Y37: {=_xlfn.T.TEST(ABS(Y4:Y27),ABS(Z4:Z27),2,1)} -> 0.65406546 | Z37: - | AA37: {=_xlfn.T.TEST(ABS(AA4:AA27),ABS(AD4:AD27),2,1)} -> 0.094380076 | AB37: {=_xlfn.T.TEST(ABS(AB4:AB27),ABS(AD4:AD27),2,1)} -> 0.7973571 | AC37: {=_xlfn.T.TEST(ABS(AC4:AC27),ABS(AD4:AD27),2,1)} -> 0.0634126 | AD37: - | AF37: p-value | AG37: {=_xlfn.T.TEST(ABS(AG4:AG27),ABS(AJ4:AJ27),2,1)} -> 0.76230648 | AH37: {=_xlfn.T.TEST(ABS(AH4:AH27),ABS(AJ4:AJ27),2,1)} -> 0.9875392 | AI37: {=_xlfn.T.TEST(ABS(AI4:AI27),ABS(AJ4:AJ27),2,1)} -> 0.24193314 | AJ37: - | AK37: {=_xlfn.T.TEST(ABS(AK4:AK27),ABS(AN4:AN27),2,1)} -> 0.89503968 | AL37: {=_xlfn.T.TEST(ABS(AL4:AL27),ABS(AN4:AN27),2,1)} -> 0.38319993 | AM37: {=_xlfn.T.TEST(ABS(AM4:AM27),ABS(AN4:AN27),2,1)} -> 0.16110526 | AN37: -
B38: Win rate | C38: {=SUMPRODUCT((ABS(C4:C27)<ABS(F4:F27))*1)/24} -> 0.54166667 | D38: {=SUMPRODUCT((ABS(D4:D27)<ABS(F4:F27))*1)/24} -> 0.66666667 | E38: {=SUMPRODUCT((ABS(E4:E27)<ABS(F4:F27))*1)/24} -> 0.58333333 | F38: - | G38: {=SUMPRODUCT((ABS(G4:G27)<ABS(J4:J27))*1)/24} -> 0.625 | H38: {=SUMPRODUCT((ABS(H4:H27)<ABS(J4:J27))*1)/24} -> 0.75 | I38: {=SUMPRODUCT((ABS(I4:I27)<ABS(J4:J27))*1)/24} -> 0.58333333 | J38: - | L38: Win rate | M38: {=SUMPRODUCT((ABS(M4:M27)<ABS(P4:P27))*1)/24} -> 0.54166667 | N38: {=SUMPRODUCT((ABS(N4:N27)<ABS(P4:P27))*1)/24} -> 0.5 | O38: {=SUMPRODUCT((ABS(O4:O27)<ABS(P4:P27))*1)/24} -> 0.54166667 | P38: - | Q38: {=SUMPRODUCT((ABS(Q4:Q27)<ABS(T4:T27))*1)/24} -> 0.54166667 | R38: {=SUMPRODUCT((ABS(R4:R27)<ABS(T4:T27))*1)/24} -> 0.29166667 | S38: {=SUMPRODUCT((ABS(S4:S27)<ABS(T4:T27))*1)/24} -> 0.41666667 | T38: - | V38: Win rate | W38: {=SUMPRODUCT((ABS(W4:W27)<ABS(Z4:Z27))*1)/24} -> 0.45833333 | X38: {=SUMPRODUCT((ABS(X4:X27)<ABS(Z4:Z27))*1)/24} -> 0.45833333 | Y38: {=SUMPRODUCT((ABS(Y4:Y27)<ABS(Z4:Z27))*1)/24} -> 0.54166667 | Z38: - | AA38: {=SUMPRODUCT((ABS(AA4:AA27)<ABS(AD4:AD27))*1)/24} -> 0.70833333 | AB38: {=SUMPRODUCT((ABS(AB4:AB27)<ABS(AD4:AD27))*1)/24} -> 0.5 | AC38: {=SUMPRODUCT((ABS(AC4:AC27)<ABS(AD4:AD27))*1)/24} -> 0.66666667 | AD38: - | AF38: Win rate | AG38: {=SUMPRODUCT((ABS(AG4:AG27)<ABS(AJ4:AJ27))*1)/24} -> 0.20833333 | AH38: {=SUMPRODUCT((ABS(AH4:AH27)<ABS(AJ4:AJ27))*1)/24} -> 0.5 | AI38: {=SUMPRODUCT((ABS(AI4:AI27)<ABS(AJ4:AJ27))*1)/24} -> 0.33333333 | AJ38: - | AK38: {=SUMPRODUCT((ABS(AK4:AK27)<ABS(AN4:AN27))*1)/24} -> 0.20833333 | AL38: {=SUMPRODUCT((ABS(AL4:AL27)<ABS(AN4:AN27))*1)/24} -> 0.375 | AM38: {=SUMPRODUCT((ABS(AM4:AM27)<ABS(AN4:AN27))*1)/24} -> 0.41666667 | AN38: -
B41: Monthly | C41: Bitcoin | D41: S&P 500 | E41: Gold | F41: EUR/USD | L41: Static | M41: Bitcoin | N41: S&P 500 | O41: Gold | P41: EUR/USD | V41: Long Run | W41: Bitcoin | X41: S&P 500 | Y41: Gold | Z41: EUR/USD
B42: ARIMA | C42: 0.15 | L42: ARIMA | M42: 1.0222612 | V42: ARIMA | W42: 97.2834
B43: ARIMA | D43: 0.0465 | E43: 0.0334 | F43: 0.0157 | L43: ARIMA | N43: 0.13022043 | O43: 0.11816733 | P43: 0.05485163 | V43: ARIMA | X43: 0.4004 | Y43: 0.4215 | Z43: 0.0202
B44: Random Walk | C44: 0.15170884 | L44: Random Walk | M44: 1.0300056 | V44: Random Walk | W44: 97.491
B45: Random Walk | D45: 0.046677573 | E45: 0.033433764 | F45: 0.01567926 | L45: Random Walk | N45: 0.13011221 | O45: 0.11818649 | P45: 0.054849916 | V45: Random Walk | X45: 0.4003 | Y45: 0.4215 | Z45: 0.02
B46: XGBoost | C46: 0.13992101 | L46: XGBoost | M46: 0.7866 | V46: XGBoost | W46: 26.5774
B47: XGBoost | D47: 0.046815343 | E47: 0.033684125 | F47: 0.015684044 | L47: XGBoost | N47: 0.13106221 | O47: 0.11846857 | P47: 0.056554424 | V47: XGBoost | X47: 0.4252 | Y47: 0.4203 | Z47: 0.0289
B48: RNN | C48: 0.1177 | L48: RNN | M48: 0.8667 | V48: RNN | W48: 0.5347
B49: RNN | D49: 0.0469 | E49: 0.034 | F49: 0.0162 | L49: RNN | N49: 0.1371 | O49: 0.1037 | P49: 0.0577 | V49: RNN | X49: 0.5156 | Y49: 0.3214 | Z49: 0.0421

Sheet RANDOM WALK
A1: Monthly Model | C1: Bitcoin | F1: S&P 500 | I1: Gold | L1: EUR/USD | O1: Static Model | Q1: Bitcoin | U1: S&P 500 | Y1: Gold | AC1: EUR/USD
A2: Ano previsto | C2: Forecast | D2: Real | E2: Erro | F2: Forecast | G2: Real | H2: Erro | I2: Forecast | J2: Real | K2: Erro | L2: Forecast | M2: Real | N2: Erro | O2: Ano previsto | Q2: Parâmetros | R2: Forecast | S2: Real | T2: Erro | U2: Parâmetros | V2: Forecast | W2: Real | X2: Erro | Y2: Parâmetros | Z2: Forecast | AA2: Real | AB2: Erro | AC2: Parâmetros | AD2: Forecast | AE2: Real | AF2: Erro | AH2: RANDOM WALK - LONG RUN 2020-2025
A3: 2020 | B3: 1'Abril'20 | C3: 9470.88 | D3: 6638.5 | E3: =(C3-D3)/D3 -> 0.42665964 | F3: 2963.31 | G3: 2470.5 | H3: =(F3-G3)/G3 -> 0.19947784 | I3: 1578.38 | J3: 1584.1 | K3: =(I3-J3)/J3 -> -0.0036108832 | L3: 1.1028 | M3: 1.0962 | N3: =(L3-M3)/M3 -> 0.0060207991 | O3: 2020 | P3: 1'Abril'20 | Q3: μ = | R3: 9694.51 | S3: 6638.5 | T3: =(R3-S3)/S3 -> 0.46034646 | U3: μ = | V3: 3263.43 | W3: 2470.5 | X3: =(V3-W3)/W3 -> 0.32095932 | Y3: μ = | Z3: 1555.7 | AA3: 1584.1 | AB3: =(Z3-AA3)/AA3 -> -0.017928161 | AC3: μ = | AD3: 1.1222 | AE3: 1.0962 | AF3: =(AD3-AE3)/AE3 -> 0.0237183 | AH3: ASSET | AI3: Bitcoin | AJ3: S&P 500 | AK3: Gold | AL3: EUR/USD
B4: 1'Julho'20 | C4: 11239.97 | D4: 9229.9 | E4: =(C4-D4)/D4 -> 0.21777809 | F4: 3066.04 | G4: 3115.9 | H4: =(F4-G4)/G4 -> -0.016001797 | I4: 1756.52 | J4: 1779.9 | K4: =(I4-J4)/J4 -> -0.013135569 | L4: 1.1138 | M4: 1.125 | N4: =(L4-M4)/M4 -> -0.0099555556 | P4: 1'Julho'20 | Q4: 0.003239 | R4: 13017.56 | S4: 9229.9 | T4: =(R4-S4)/S4 -> 0.41036848 | U4: 0.000109 | V4: 3296.03 | W4: 3115.9 | X4: =(V4-W4)/W4 -> 0.057809943 | Y4: 0.00023 | Z4: 1588.63 | AA4: 1779.9 | AB4: =(Z4-AA4)/AA4 -> -0.10746109 | AC4: 1.2e-05 | AD4: 1.1235 | AE4: 1.125 | AF4: =(AD4-AE4)/AE4 -> -0.0013333333 | AH4: Jan 1st, 2026 | AI4: 88812.1 | AJ4: 6845.5 | AK4: 4361.55 | AL4: 1.1746
B5: 1'Outubro'20 | C5: 13121.52 | D5: 10620.5 | E5: =(C5-D5)/D5 -> 0.23548985 | F5: 3540.4 | G5: 3380.8 | H5: =(F5-G5)/G5 -> 0.047207761 | I5: 1986.66 | J5: 1912.3 | K5: =(I5-J5)/J5 -> 0.038885112 | L5: 1.1917 | M5: 1.1747 | N5: =(L5-M5)/M5 -> 0.01447178 | P5: 1'Outubro'20 | Q5: σ = | R5: 17536.39 | S5: 10620.5 | T5: =(R5-S5)/S5 -> 0.65118309 | U5: σ = | V5: 3329.32 | W5: 3380.8 | X5: =(V5-W5)/W5 -> -0.015227165 | Y5: σ = | Z5: 1622.63 | AA5: 1912.3 | AB5: =(Z5-AA5)/AA5 -> -0.15147728 | AC5: σ = | AD5: 1.1247 | AE5: 1.1747 | AF5: =(AD5-AE5)/AE5 -> -0.042564059 | AH5: Forecast | AI5: 8747194.8 | AJ5: 4105.26 | AK5: 2523.24 | AL5: 1.1511
B6: 1'Janeiro'21 | C6: 20779.33 | D6: 29359.9 | E6: =(C6-D6)/D6 -> -0.29225474 | F6: 3677.24 | G6: 3756.1 | H6: =(F6-G6)/G6 -> -0.020995181 | I6: 1830.64 | J6: 1895.1 | K6: =(I6-J6)/J6 -> -0.034014036 | L6: 1.2078 | M6: 1.2213 | N6: =(L6-M6)/M6 -> -0.011053795 | P6: 1'Janeiro'21 | Q6: 0.06963 | R6: 23623.86 | S6: 29359.9 | T6: =(R6-S6)/S6 -> -0.19536988 | U6: 0.009875 | V6: 3362.94 | W6: 3756.1 | X6: =(V6-W6)/W6 -> -0.1046724 | Y6: 0.009122 | Z6: 1657.36 | AA6: 1895.1 | AB6: =(Z6-AA6)/AA6 -> -0.12544984 | AC6: 0.005149 | AD6: 1.126 | AE6: 1.2213 | AF6: =(AD6-AE6)/AE6 -> -0.078031606 | AH6: Erro | AI6: =(AI5-AI4)/AI4 -> 97.491025 | AJ6: =(AJ5-AJ4)/AJ4 -> -0.40029801 | AK6: =(AK5-AK4)/AK4 -> -0.4214809 | AL6: =(AL5-AL4)/AL4 -> -0.020006811
A7: 2021 | B7: 1'Abril'21 | C7: 55212 | D7: 58718.3 | E7: =(C7-D7)/D7 -> -0.059713922 | F7: 3917.13 | G7: 4019.9 | H7: =(F7-G7)/G7 -> -0.025565313 | I7: 1735.9 | J7: 1727.3 | K7: =(I7-J7)/J7 -> 0.0049788688 | L7: 1.2055 | M7: 1.1775 | N7: =(L7-M7)/M7 -> 0.023779193 | O7: 2021 | P7: 1'Abril'21 | Q7: μ = | R7: 39064.36 | S7: 58718.3 | T7: =(R7-S7)/S7 -> -0.33471575 | U7: μ = | V7: 3798.61 | W7: 4019.9 | X7: =(V7-W7)/W7 -> -0.055048633 | Y7: μ = | Z7: 1938.3 | AA7: 1727.3 | AB7: =(Z7-AA7)/AA7 -> 0.12215597 | AC7: μ = | AD7: 1.2238 | AE7: 1.1775 | AF7: =(AD7-AE7)/AE7 -> 0.039320594 | AH7: μ (daily drift) | AI7: 0.003239 | AJ7: 0.000109 | AK7: 0.00023 | AL7: 1.2e-05
B8: 1'Julho'21 | C8: 40520.19 | D8: 33543.6 | E8: =(C8-D8)/D8 -> 0.20798573 | F8: 4218.87 | G8: 4319.9 | H8: =(F8-G8)/G8 -> -0.023387115 | I8: 1918.05 | J8: 1776.8 | K8: =(I8-J8)/J8 -> 0.079496848 | L8: 1.222 | M8: 1.1848 | N8: =(L8-M8)/M8 -> 0.031397704 | P8: 1'Julho'21 | Q8: 0.003293 | R8: 52713.51 | S8: 33543.6 | T8: =(R8-S8)/S8 -> 0.57149233 | U8: 0.000124 | V8: 3841.59 | W8: 4319.9 | X8: =(V8-W8)/W8 -> -0.11072247 | Y8: 0.000248 | Z8: 1982.49 | AA8: 1776.8 | AB8: =(Z8-AA8)/AA8 -> 0.1157643 | AC8: 2.3e-05 | AD8: 1.2264 | AE8: 1.1848 | AF8: =(AD8-AE8)/AE8 -> 0.035111411 | AH8: σ (daily volatility) | AI8: 0.06963 | AJ8: 0.009875 | AK8: 0.009122 | AL8: 0.005149
B9: 1'Outubro'21 | C9: 53939.81 | D9: 48146 | E9: =(C9-D9)/D9 -> 0.12033835 | F9: 4543.27 | G9: 4357 | H9: =(F9-G9)/G9 -> 0.042751894 | I9: 1826.96 | J9: 1757.7 | K9: =(I9-J9)/J9 -> 0.039403766 | L9: 1.1844 | M9: 1.1594 | N9: =(L9-M9)/M9 -> 0.021562877 | P9: 1'Outubro'21 | Q9: σ = | R9: 71366.31 | S9: 48146 | T9: =(R9-S9)/S9 -> 0.48228949 | U9: σ = | V9: 3885.55 | W9: 4357 | X9: =(V9-W9)/W9 -> -0.10820519 | Y9: σ = | Z9: 2028.18 | AA9: 1757.7 | AB9: =(Z9-AA9)/AA9 -> 0.15388292 | AC9: σ = | AD9: 1.2289 | AE9: 1.1594 | AF9: =(AD9-AE9)/AE9 -> 0.059944799 | AH9: σ^2 | AI9: =AI8*AI8 -> 0.0048483369 | AJ9: =AJ8*AJ8 -> 9.7515625e-05 | AK9: =AK8*AK8 -> 8.3210884e-05 | AL9: =AL8*AL8 -> 2.6512201e-05
B10: 1'Janeiro'22 | C10: 63307.83 | D10: 47738 | E10: =(C10-D10)/D10 -> 0.3261517 | F10: 4532.46 | G10: 4766.2 | H10: =(F10-G10)/G10 -> -0.049041165 | I10: 1796 | J10: 1828.6 | K10: =(I10-J10)/J10 -> -0.017827846 | L10: 1.1323 | M10: 1.1368 | N10: =(L10-M10)/M10 -> -0.0039584799 | P10: 1'Janeiro'22 | Q10: 0.067471 | R10: 96619.45 | S10: 47738 | T10: =(R10-S10)/S10 -> 1.0239526 | U10: 0.010419 | V10: 3930.01 | W10: 4766.2 | X10: =(V10-W10)/W10 -> -0.17544165 | Y10: 0.009236 | Z10: 2074.93 | AA10: 1828.6 | AB10: =(Z10-AA10)/AA10 -> 0.13470961 | AC10: 0.005098 | AD10: 1.2315 | AE10: 1.1368 | AF10: =(AD10-AE10)/AE10 -> 0.083304011 | AH10: Sigma2 (ARIMA) | AI10: 0.004637 | AJ10: 9.7e-05 | AK10: 8.3e-05 | AL10: 2.6e-05
A11: 2022 | B11: 1'Abril'22 | C11: 48975.48 | D11: 46297 | E11: =(C11-D11)/D11 -> 0.057854289 | F11: 4324.93 | G11: 4545.86 | H11: =(F11-G11)/G11 -> -0.048600265 | I11: 1958.46 | J11: 1951.1 | K11: =(I11-J11)/J11 -> 0.003772231 | L11: 1.113 | M11: 1.1053 | N11: =(L11-M11)/M11 -> 0.0069664345 | O11: 2022 | P11: 1'Abril'22 | Q11: μ = | R11: 61380.79 | S11: 46297 | T11: =(R11-S11)/S11 -> 0.32580491 | U11: μ = | V11: 4830.69 | W11: 4545.86 | X11: =(V11-W11)/W11 -> 0.062657011 | Y11: μ = | Z11: 1867.62 | AA11: 1951.1 | AB11: =(Z11-AA11)/AA11 -> -0.042786121 | AC11: μ = | AD11: 1.1381 | AE11: 1.1053 | AF11: =(AD11-AE11)/AE11 -> 0.029675201
B12: 1'Julho'22 | C12: 32603.49 | D12: 19262.9 | E12: =(C12-D12)/D12 -> 0.69255356 | F12: 4117.57 | G12: 3825.33 | H12: =(F12-G12)/G12 -> 0.076396023 | I12: 1858.77 | J12: 1807.3 | K12: =(I12-J12)/J12 -> 0.028478946 | L12: 1.0648 | M12: 1.0428 | N12: =(L12-M12)/M12 -> 0.021097046 | P12: 1'Julho'22 | Q12: 0.003118 | R12: 81515.41 | S12: 19262.9 | T12: =(R12-S12)/S12 -> 3.2317309 | U12: 0.000148 | V12: 4896.05 | W12: 3825.33 | X12: =(V12-W12)/W12 -> 0.27990265 | Y12: 0.000232 | Z12: 1907.46 | AA12: 1807.3 | AB12: =(Z12-AA12)/AA12 -> 0.055419687 | AC12: 1.3e-05 | AD12: 1.1394 | AE12: 1.0428 | AF12: =(AD12-AE12)/AE12 -> 0.092635213
B13: 1'Outubro'22 | C13: 21925.11 | D13: 19311.9 | E13: =(C13-D13)/D13 -> 0.13531605 | F13: 3981.83 | G13: 3585.62 | H13: =(F13-G13)/G13 -> 0.11049972 | I13: 1710.88 | J13: 1663.6 | K13: =(I13-J13)/J13 -> 0.028420293 | L13: 0.9944 | M13: 0.9799 | N13: =(L13-M13)/M13 -> 0.014797428 | P13: 1'Outubro'22 | Q13: σ = | R13: 108592.77 | S13: 19311.9 | T13: =(R13-S13)/S13 -> 4.6231013 | U13: σ = | V13: 4963.03 | W13: 3585.62 | X13: =(V13-W13)/W13 -> 0.38414835 | Y13: σ = | Z13: 1948.61 | AA13: 1663.6 | AB13: =(Z13-AA13)/AA13 -> 0.17132123 | AC13: σ = | AD13: 1.1408 | AE13: 0.9799 | AF13: =(AD13-AE13)/AE13 -> 0.16420043
B14: 1'Janeiro'23 | C14: 18488.17 | D14: 16618.4 | E14: =(C14-D14)/D14 -> 0.11251203 | F14: 4092.8 | G14: 3839.5 | H14: =(F14-G14)/G14 -> 0.065972132 | I14: 1820.64 | J14: 1826 | K14: =(I14-J14)/J14 -> -0.0029353779 | L14: 1.0524 | M14: 1.0702 | N14: =(L14-M14)/M14 -> -0.016632405 | P14: 1'Janeiro'23 | Q14: 0.065661 | R14: 144664.53 | S14: 16618.4 | T14: =(R14-S14)/S14 -> 7.7050817 | U14: 0.010285 | V14: 5030.93 | W14: 3839.5 | X14: =(V14-W14)/W14 -> 0.31030863 | Y14: 0.009177 | Z14: 1990.65 | AA14: 1826 | AB14: =(Z14-AA14)/AA14 -> 0.09016977 | AC14: 0.005022 | AD14: 1.1421 | AE14: 1.0702 | AF14: =(AD14-AE14)/AE14 -> 0.067183704
A15: 2023 | B15: 1'Abril'23 | C15: 25755.1 | D15: 28456.1 | E15: =(C15-D15)/D15 -> -0.094918137 | F15: 3966.27 | G15: 4109.31 | H15: =(F15-G15)/G15 -> -0.034808764 | I15: 1858.5 | J15: 1988.5 | K15: =(I15-J15)/J15 -> -0.065375911 | L15: 1.0666 | M15: 1.0839 | N15: =(L15-M15)/M15 -> -0.015960882 | O15: 2023 | P15: 1'Abril'23 | Q15: μ = | R15: 21030.98 | S15: 28456.1 | T15: =(R15-S15)/S15 -> -0.26093245 | U15: μ = | V15: 3880.08 | W15: 4109.31 | X15: =(V15-W15)/W15 -> -0.055783088 | Y15: μ = | Z15: 1863.22 | AA15: 1988.5 | AB15: =(Z15-AA15)/AA15 -> -0.063002263 | AC15: μ = | AD15: 1.0707 | AE15: 1.0839 | AF15: =(AD15-AE15)/AE15 -> -0.012178245
B16: 1'Julho'23 | C16: 29127.05 | D16: 30586.8 | E16: =(C16-D16)/D16 -> -0.047724836 | F16: 4237.13 | G16: 4450.38 | H16: =(F16-G16)/G16 -> -0.047917257 | I16: 2000.53 | J16: 1917.9 | K16: =(I16-J16)/J16 -> 0.043083581 | L16: 1.0762 | M16: 1.091 | N16: =(L16-M16)/M16 -> -0.013565536 | P16: 1'Julho'23 | Q16: 0.002641 | R16: 26745.57 | S16: 30586.8 | T16: =(R16-S16)/S16 -> -0.12558457 | U16: 0.000116 | V16: 3921.08 | W16: 4450.38 | X16: =(V16-W16)/W16 -> -0.11893366 | Y16: 0.000222 | Z16: 1901.2 | AA16: 1917.9 | AB16: =(Z16-AA16)/AA16 -> -0.0087074404 | AC16: 5e-06 | AD16: 1.0712 | AE16: 1.091 | AF16: =(AD16-AE16)/AE16 -> -0.018148488
B17: 1'Outubro'23 | C17: 27971.13 | D17: 27974.5 | E17: =(C17-D17)/D17 -> -0.00012046685 | F17: 4533.94 | G17: 4288.05 | H17: =(F17-G17)/G17 -> 0.057343081 | I17: 1960.57 | J17: 1869.5 | K17: =(I17-J17)/J17 -> 0.04871356 | L17: 1.0774 | M17: 1.057 | N17: =(L17-M17)/M17 -> 0.019299905 | P17: 1'Outubro'23 | Q17: σ = | R17: 34102.9 | S17: 27974.5 | T17: =(R17-S17)/S17 -> 0.21907094 | U17: σ = | V17: 3962.98 | W17: 4288.05 | X17: =(V17-W17)/W17 -> -0.075808351 | Y17: σ = | Z17: 1940.38 | AA17: 1869.5 | AB17: =(Z17-AA17)/AA17 -> 0.037913881 | AC17: σ = | AD17: 1.0717 | AE17: 1.057 | AF17: =(AD17-AE17)/AE17 -> 0.013907285
B18: 1'Janeiro'24 | C18: 42073.29 | D18: 44183.4 | E18: =(C18-D18)/D18 -> -0.047757982 | F18: 4613.54 | G18: 4769.83 | H18: =(F18-G18)/G18 -> -0.032766367 | I18: 2062.59 | J18: 2083.5 | K18: =(I18-J18)/J18 -> -0.010035997 | L18: 1.0883 | M18: 1.1044 | N18: =(L18-M18)/M18 -> -0.014578051 | P18: 1'Janeiro'24 | Q18: 0.063716 | R18: 43484.12 | S18: 44183.4 | T18: =(R18-S18)/S18 -> -0.015826758 | U18: 0.010398 | V18: 4005.33 | W18: 4769.83 | X18: =(V18-W18)/W18 -> -0.16027825 | Y18: 0.009133 | Z18: 1980.37 | AA18: 2083.5 | AB18: =(Z18-AA18)/AA18 -> -0.04949844 | AC18: 0.005033 | AD18: 1.0722 | AE18: 1.1044 | AF18: =(AD18-AE18)/AE18 -> -0.029156103
A19: 2024 | B19: 1'Abril'24 | C19: 67960.21 | D19: 69664.4 | E19: =(C19-D19)/D19 -> -0.024462853 | F19: 5160.26 | G19: 5243.77 | H19: =(F19-G19)/G19 -> -0.015925565 | I19: 2069.5 | J19: 2245.9 | K19: =(I19-J19)/J19 -> -0.078543123 | L19: 1.0839 | M19: 1.0743 | N19: =(L19-M19)/M19 -> 0.0089360514 | O19: 2024 | P19: 1'Abril'24 | Q19: μ = | R19: 53875.22 | S19: 69664.4 | T19: =(R19-S19)/S19 -> -0.22664632 | U19: μ = | V19: 4829.65 | W19: 5243.77 | X19: =(V19-W19)/W19 -> -0.078973715 | Y19: μ = | Z19: 2127.58 | AA19: 2245.9 | AB19: =(Z19-AA19)/AA19 -> -0.052682666 | AC19: μ = | AD19: 1.1044 | AE19: 1.0743 | AF19: =(AD19-AE19)/AE19 -> 0.028018244
B20: 1'Julho'24 | C20: 73561.66 | D20: 62890.1 | E20: =(C20-D20)/D20 -> 0.16968585 | F20: 5300.94 | G20: 5475.09 | H20: =(F20-G20)/G20 -> -0.031807696 | I20: 2371.89 | J20: 2338.9 | K20: =(I20-J20)/J20 -> 0.014104921 | L20: 1.0843 | M20: 1.0738 | N20: =(L20-M20)/M20 -> 0.0097783572 | P20: 1'Julho'24 | Q20: 0.002636 | R20: 68481.83 | S20: 62890.1 | T20: =(R20-S20)/S20 -> 0.088912722 | U20: 0.000135 | V20: 4889.56 | W20: 5475.09 | X20: =(V20-W20)/W20 -> -0.10694436 | Y20: 0.000228 | Z20: 2172.1 | AA20: 2338.9 | AB20: =(Z20-AA20)/AA20 -> -0.071315576 | AC20: 8e-06 | AD20: 1.1053 | AE20: 1.0738 | AF20: =(AD20-AE20)/AE20 -> 0.029335072
B21: 1'Outubro'24 | C21: 62077.12 | D21: 60835.5 | E21: =(C21-D21)/D21 -> 0.020409465 | F21: 5674.78 | G21: 5708.75 | H21: =(F21-G21)/G21 -> -0.0059505146 | I21: 2555.66 | J21: 2678.5 | K21: =(I21-J21)/J21 -> -0.04586149 | L21: 1.105 | M21: 1.1067 | N21: =(L21-M21)/M21 -> -0.0015360983 | P21: 1'Outubro'24 | Q21: σ = | R21: 87278.35 | S21: 60835.5 | T21: =(R21-S21)/S21 -> 0.43466151 | U21: σ = | V21: 4950.88 | W21: 5708.75 | X21: =(V21-W21)/W21 -> -0.13275586 | Y21: σ = | Z21: 2218.05 | AA21: 2678.5 | AB21: =(Z21-AA21)/AA21 -> -0.17190592 | AC21: σ = | AD21: 1.1061 | AE21: 1.1067 | AF21: =(AD21-AE21)/AE21 -> -0.00054215234
B22: 1'Janeiro'25 | C22: 105770.23 | D22: 94560.2 | E22: =(C22-D22)/D22 -> 0.11854914 | F22: 6062.69 | G22: 5881.63 | H22: =(F22-G22)/G22 -> 0.030783983 | I22: 2672.88 | J22: 2618.1 | K22: =(I22-J22)/J22 -> 0.020923571 | L22: 1.0576 | M22: 1.0355 | N22: =(L22-M22)/M22 -> 0.021342347 | P22: 1'Janeiro'25 | Q22: 0.061616 | R22: 111234.03 | S22: 94560.2 | T22: =(R22-S22)/S22 -> 0.17633032 | U22: 0.010275 | V22: 5012.98 | W22: 5881.63 | X22: =(V22-W22)/W22 -> -0.14768865 | Y22: 0.009057 | Z22: 2264.98 | AA22: 2618.1 | AB22: =(Z22-AA22)/AA22 -> -0.13487644 | AC22: 0.004992 | AD22: 1.107 | AE22: 1.0355 | AF22: =(AD22-AE22)/AE22 -> 0.069048769
A23: 2025 | B23: 1'Abril'25 | C23: 93413.73 | D23: 85164.2 | E23: =(C23-D23)/D23 -> 0.096866171 | F23: 5983.8 | G23: 5633.07 | H23: =(F23-G23)/G23 -> 0.062262674 | I23: 2919.43 | J23: 3146 | K23: =(I23-J23)/J23 -> -0.072018436 | L23: 1.0375 | M23: 1.0793 | N23: =(L23-M23)/M23 -> -0.038728806 | O23: 2025 | P23: 1'Abril'25 | Q23: μ = | R23: 118573.55 | S23: 85164.2 | T23: =(R23-S23)/S23 -> 0.39229336 | U23: μ = | V23: 5964.09 | W23: 5633.07 | X23: =(V23-W23)/W23 -> 0.058763694 | Y23: μ = | Z23: 2676.75 | AA23: 3146 | AB23: =(Z23-AA23)/AA23 -> -0.14915766 | AC23: μ = | AD23: 1.0354 | AE23: 1.0793 | AF23: =(AD23-AE23)/AE23 -> -0.040674511
B24: 1'Julho'25 | C24: 114295.65 | D24: 105694.3 | E24: =(C24-D24)/D24 -> 0.081379507 | F24: 5939.25 | G24: 6198.01 | H24: =(F24-G24)/G24 -> -0.041748884 | I24: 3371.94 | J24: 3349.8 | K24: =(I24-J24)/J24 -> 0.0066093498 | L24: 1.1352 | M24: 1.1807 | N24: =(L24-M24)/M24 -> -0.038536461 | P24: 1'Julho'25 | Q24: 0.002604 | R24: 150279.05 | S24: 105694.3 | T24: =(R24-S24)/S24 -> 0.42182738 | U24: 0.000153 | V24: 6047.71 | W24: 6198.01 | X24: =(V24-W24)/W24 -> -0.024249719 | Y24: 0.000243 | Z24: 2736.71 | AA24: 3349.8 | AB24: =(Z24-AA24)/AA24 -> -0.18302287 | AC24: 1e-06 | AD24: 1.0355 | AE24: 1.1807 | AF24: =(AD24-AE24)/AE24 -> -0.12297789
B25: 1'Outubro'25 | C25: 118088.85 | D25: 118576.2 | E25: =(C25-D25)/D25 -> -0.0041100153 | F25: 6492.37 | G25: 6711.2 | H25: =(F25-G25)/G25 -> -0.032606687 | I25: 3541.59 | J25: 3897.5 | K25: =(I25-J25)/J25 -> -0.091317511 | L25: 1.1716 | M25: 1.173 | N25: =(L25-M25)/M25 -> -0.0011935209 | P25: 1'Outubro'25 | Q25: σ = | R25: 190958.91 | S25: 118576.2 | T25: =(R25-S25)/S25 -> 0.61043203 | U25: σ = | V25: 6133.43 | W25: 6711.2 | X25: =(V25-W25)/W25 -> -0.086090416 | Y25: σ = | Z25: 2798.1 | AA25: 3897.5 | AB25: =(Z25-AA25)/AA25 -> -0.28207826 | AC25: σ = | AD25: 1.0356 | AE25: 1.173 | AF25: =(AD25-AE25)/AE25 -> -0.11713555
B26: 1'Janeiro'26 | C26: 93289.99 | D26: 88812.1 | E26: =(C26-D26)/D26 -> 0.050419819 | F26: 6848.54 | G26: 6845.5 | H26: =(F26-G26)/G26 -> 0.00044408736 | I26: 4314.17 | J26: 4361.55 | K26: =(I26-J26)/J26 -> -0.010863111 | L26: 1.1615 | M26: 1.1746 | N26: =(L26-M26)/M26 -> -0.011152733 | P26: 1'Janeiro'26 | Q26: 0.059883 | R26: 242650.63 | S26: 88812.1 | T26: =(R26-S26)/S26 -> 1.7321798 | U26: 0.010154 | V26: 6220.37 | W26: 6845.5 | X26: =(V26-W26)/W26 -> -0.091319845 | Y26: 0.009005 | Z26: 2862.1 | AA26: 4361.55 | AB26: =(Z26-AA26)/AA26 -> -0.34378833 | AC26: 0.00493 | AD26: 1.0357 | AE26: 1.1746 | AF26: =(AD26-AE26)/AE26 -> -0.11825302
A27: 2026 | B27: 1'Abril'26 | E27: =(C27-D27)/D27 -> #DIV/0! | H27: =(F27-G27)/G27 -> #DIV/0! | K27: =(I27-J27)/J27 -> #DIV/0! | N27: =(L27-M27)/M27 -> #DIV/0! | O27: 2026 | P27: 1'Abril'26 | Q27: μ = | T27: =(R27-S27)/S27 -> #DIV/0! | U27: μ = | X27: =(V27-W27)/W27 -> #DIV/0! | Y27: μ = | AB27: =(Z27-AA27)/AA27 -> #DIV/0! | AC27: μ = | AF27: =(AD27-AE27)/AE27 -> #DIV/0!
B28: 1'Julho'26 | E28: =(C28-D28)/D28 -> #DIV/0! | H28: =(F28-G28)/G28 -> #DIV/0! | K28: =(I28-J28)/J28 -> #DIV/0! | N28: =(L28-M28)/M28 -> #DIV/0! | P28: 1'Julho'26 | T28: =(R28-S28)/S28 -> #DIV/0! | X28: =(V28-W28)/W28 -> #DIV/0! | AB28: =(Z28-AA28)/AA28 -> #DIV/0! | AF28: =(AD28-AE28)/AE28 -> #DIV/0!
B29: 1'Outubro'26 | E29: =(C29-D29)/D29 -> #DIV/0! | H29: =(F29-G29)/G29 -> #DIV/0! | K29: =(I29-J29)/J29 -> #DIV/0! | N29: =(L29-M29)/M29 -> #DIV/0! | P29: 1'Outubro'26 | Q29: σ = | T29: =(R29-S29)/S29 -> #DIV/0! | U29: σ = | X29: =(V29-W29)/W29 -> #DIV/0! | Y29: σ = | AB29: =(Z29-AA29)/AA29 -> #DIV/0! | AC29: σ = | AF29: =(AD29-AE29)/AE29 -> #DIV/0!
B30: 1'Janeiro'27 | E30: =(C30-D30)/D30 -> #DIV/0! | H30: =(F30-G30)/G30 -> #DIV/0! | K30: =(I30-J30)/J30 -> #DIV/0! | N30: =(L30-M30)/M30 -> #DIV/0! | P30: 1'Janeiro'27 | T30: =(R30-S30)/S30 -> #DIV/0! | X30: =(V30-W30)/W30 -> #DIV/0! | AB30: =(Z30-AA30)/AA30 -> #DIV/0! | AF30: =(AD30-AE30)/AE30 -> #DIV/0!
D31: AVG(ABS) | E31: {=AVERAGE(ABS(E3:E26))} -> 0.15170884 | G31: AVG(ABS) | H31: {=AVERAGE(ABS(H3:H26))} -> 0.046677573 | J31: AVG(ABS) | K31: {=AVERAGE(ABS(K3:K26))} -> 0.033433764 | M31: AVG(ABS) | N31: {=AVERAGE(ABS(N3:N26))} -> 0.01567926 | S31: AVG(ABS) | T31: {=AVERAGE(ABS(T3:T26))} -> 1.0300056 | W31: AVG(ABS) | X31: {=AVERAGE(ABS(X3:X26))} -> 0.13011221 | AA31: AVG(ABS) | AB31: {=AVERAGE(ABS(AB3:AB26))} -> 0.11818649 | AE31: AVG(ABS) | AF31: {=AVERAGE(ABS(AF3:AF26))} -> 0.054849916
Q32: Bitcoin | U32: S&P 500 | Y32: Gold | AC32: EUR/USD
P33: AVG(mu) | Q33: =AVERAGE(Q4,Q8,Q12,Q16,Q20,Q24) -> 0.0029218333 | T33: AVG(mu) | U33: =AVERAGE(U4,U8,U12,U16,U20,U24) -> 0.00013083333 | X33: AVG(mu) | Y33: =AVERAGE(Y4,Y8,Y12,Y16,Y20,Y24) -> 0.00023383333 | AB33: AVG(mu) | AC33: =AVERAGE(AC4,AC8,AC12,AC16,AC20,AC24) -> 1.0333333e-05
P34: AVG(sigma) | Q34: =AVERAGE(Q6,Q10,Q14,Q18,Q22,Q26) -> 0.064662833 | T34: AVG(sigma) | U34: =AVERAGE(U6,U10,U14,U18,U22,U26) -> 0.010234333 | X34: AVG(sigma) | Y34: =AVERAGE(Y6,Y10,Y14,Y18,Y22,Y26) -> 0.0091216667 | AB34: AVG(sigma) | AC34: =AVERAGE(AC6,AC10,AC14,AC18,AC22,AC26) -> 0.0050373333
P35: Coef. variação | Q35: =Q34/Q33 -> 22.130911 | T35: Coef. variação | U35: =U34/U33 -> 78.224204 | X35: Coef. variação | Y35: =Y34/Y33 -> 39.009266 | AB35: Coef. variação | AC35: =AC34/AC33 -> 487.48387

Sheet ARIMA FINAL
A1: Monthly Model | C1: Bitcoin | G1: S&P 500 | K1: Gold | O1: EUR/USD | S1: Static Model | U1: Bitcoin | AA1: S&P 500 | AG1: Gold | AM1: EUR/USD | AU1: Estrutura
A2: Ano previsto | C2: Ordem | D2: Forecast | E2: Real | F2: Erro | G2: Ordem | H2: Forecast | I2: Real | J2: Erro | K2: Ordem | L2: Forecast | M2: Real | N2: Erro | O2: Ordem | P2: Forecast | Q2: Real | R2: Erro | S2: Ano previsto | U2: Ordem | V2: Parâmetros | X2: Forecast | Y2: Real | Z2: Erro | AA2: Ordem | AB2: Parâmetros | AD2: Forecast | AE2: Real | AF2: Erro | AG2: Ordem | AH2: Parâmetros | AJ2: Forecast | AK2: Real | AL2: Erro | AM2: Ordem | AN2: Parâmetros | AP2: Forecast | AQ2: Real | AR2: Erro | AU2: Parâmetros
A3: 2020 | B3: 1'Abril'20 | C3: (3,0,2) | D3: 9391.84 | E3: 6638.5 | F3: =(D3-E3)/E3 -> 0.41475333 | G3: (1,0,0) | H3: 2963.33 | I3: 2470.5 | J3: =(H3-I3)/I3 -> 0.19948593 | K3: (1,0,0) | L3: 1578.39 | M3: 1584.1 | N3: =(L3-M3)/M3 -> -0.0036045704 | O3: (1,0,0) | P3: 1.1028 | Q3: 1.0962 | R3: =(P3-Q3)/Q3 -> 0.0060207991 | S3: 2020 | T3: 1'Abril'20 | U3: (3,0,2) | V3: 0.836414 | W3: -0.846145 | X3: 9730.02 | Y3: 6638.5 | Z3: =(X3-Y3)/Y3 -> 0.46569556 | AA3: (1,0,0) | AB3: -0.080033 | AC3: 0 | AD3: 3262.74 | AE3: 2470.5 | AF3: =(AD3-AE3)/AE3 -> 0.32068002 | AG3: (1,0,0) | AH3: -0.014594 | AI3: 0 | AJ3: 1555.7 | AK3: 1584.1 | AL3: =(AJ3-AK3)/AK3 -> -0.017928161 | AM3: (1,0,0) | AN3: -0.016072 | AO3: 0 | AP3: 1.1222 | AQ3: 1.0962 | AR3: =(AP3-AQ3)/AQ3 -> 0.0237183 | AU3: AR1: | AV3: MA1:
B4: 1'Julho'20 | D4: 11290.93 | E4: 9229.9 | F4: =(D4-E4)/E4 -> 0.22329928 | H4: 3066.07 | I4: 3115.9 | J4: =(H4-I4)/I4 -> -0.015992169 | L4: 1756.52 | M4: 1779.9 | N4: =(L4-M4)/M4 -> -0.013135569 | P4: 1.1138 | Q4: 1.125 | R4: =(P4-Q4)/Q4 -> -0.0099555556 | T4: 1'Julho'20 | V4: -0.587543 | W4: 0.422473 | X4: 13061.99 | Y4: 9229.9 | Z4: =(X4-Y4)/Y4 -> 0.41518218 | AB4: 0 | AC4: 0 | AD4: 3295.34 | AE4: 3115.9 | AF4: =(AD4-AE4)/AE4 -> 0.057588498 | AH4: 0 | AI4: 0 | AJ4: 1588.63 | AK4: 1779.9 | AL4: =(AJ4-AK4)/AK4 -> -0.10746109 | AN4: 0 | AO4: 0 | AP4: 1.1234 | AQ4: 1.125 | AR4: =(AP4-AQ4)/AQ4 -> -0.0014222222 | AU4: AR2: | AV4: MA2:
B5: 1'Outubro'20 | D5: 13131.78 | E5: 10620.5 | F5: =(D5-E5)/E5 -> 0.23645591 | H5: 3541.19 | I5: 3380.8 | J5: =(H5-I5)/I5 -> 0.047441434 | L5: 1986.62 | M5: 1912.3 | N5: =(L5-M5)/M5 -> 0.038864195 | P5: 1.1917 | Q5: 1.1747 | R5: =(P5-Q5)/Q5 -> 0.01447178 | T5: 1'Outubro'20 | V5: 0.145298 | W5: 0 | X5: 17591.79 | Y5: 10620.5 | Z5: =(X5-Y5)/Y5 -> 0.65639942 | AB5: 0 | AC5: 0 | AD5: 3328.62 | AE5: 3380.8 | AF5: =(AD5-AE5)/AE5 -> -0.015434217 | AH5: 0 | AI5: 0 | AJ5: 1622.64 | AK5: 1912.3 | AL5: =(AJ5-AK5)/AK5 -> -0.15147205 | AN5: 0 | AO5: 0 | AP5: 1.1247 | AQ5: 1.1747 | AR5: =(AP5-AQ5)/AQ5 -> -0.042564059 | AU5: AR3: | AV5: MA3:
B6: 1'Janeiro'21 | D6: 20641.35 | E6: 29359.9 | F6: =(D6-E6)/E6 -> -0.29695435 | H6: 3678.92 | I6: 3756.1 | J6: =(H6-I6)/I6 -> -0.020547909 | L6: 1830.74 | M6: 1895.1 | N6: =(L6-M6)/M6 -> -0.033961269 | P6: 1.2078 | Q6: 1.2213 | R6: =(P6-Q6)/Q6 -> -0.011053795 | T6: 1'Janeiro'21 | V6: 0.003236 | W6: 0.004637 | X6: 23692.5 | Y6: 29359.9 | Z6: =(X6-Y6)/Y6 -> -0.19303199 | AB6: 0.000109 | AC6: 9.7e-05 | AD6: 3362.24 | AE6: 3756.1 | AF6: =(AD6-AE6)/AE6 -> -0.10485876 | AH6: 0.00023 | AI6: 8.3e-05 | AJ6: 1657.37 | AK6: 1895.1 | AL6: =(AJ6-AK6)/AK6 -> -0.12544457 | AN6: 1.2e-05 | AO6: 2.6e-05 | AP6: 1.1259 | AQ6: 1.2213 | AR6: =(AP6-AQ6)/AQ6 -> -0.078113486 | AU6: Cte: | AV6: sigma2:
A7: 2021 | B7: 1'Abril'21 | C7: (3,0,2) | D7: 55013.8 | E7: 58718.3 | F7: =(D7-E7)/E7 -> -0.063089361 | G7: (1,0,0) | H7: 3917.18 | I7: 4019.9 | J7: =(H7-I7)/I7 -> -0.025552874 | K7: (1,0,0) | L7: 1735.9 | M7: 1727.3 | N7: =(L7-M7)/M7 -> 0.0049788688 | O7: (1,0,0) | P7: 1.2055 | Q7: 1.1775 | R7: =(P7-Q7)/Q7 -> 0.023779193 | S7: 2021 | T7: 1'Abril'21 | U7: (3,0,2) | V7: 0.831536 | W7: -0.848751 | X7: 39029.66 | Y7: 58718.3 | Z7: =(X7-Y7)/Y7 -> -0.33530671 | AA7: (1,0,0) | AB7: -0.10562 | AC7: 0 | AD7: 3796.32 | AE7: 4019.9 | AF7: =(AD7-AE7)/AE7 -> -0.055618299 | AG7: (1,0,0) | AH7: -0.012926 | AI7: 0 | AJ7: 1938.29 | AK7: 1727.3 | AL7: =(AJ7-AK7)/AK7 -> 0.12215018 | AM7: (1,0,0) | AN7: -0.012011 | AO7: 0 | AP7: 1.2239 | AQ7: 1.1775 | AR7: =(AP7-AQ7)/AQ7 -> 0.03940552
B8: 1'Julho'21 | D8: 39736.27 | E8: 33543.6 | F8: =(D8-E8)/E8 -> 0.18461555 | H8: 4218.92 | I8: 4319.9 | J8: =(H8-I8)/I8 -> -0.023375541 | L8: 1918.05 | M8: 1776.8 | N8: =(L8-M8)/M8 -> 0.079496848 | P8: 1.2219 | Q8: 1.1848 | R8: =(P8-Q8)/Q8 -> 0.031313302 | T8: 1'Julho'21 | V8: -0.597225 | W8: 0.447378 | X8: 52653.22 | Y8: 33543.6 | Z8: =(X8-Y8)/Y8 -> 0.56969496 | AB8: 0 | AC8: 0 | AD8: 3839.28 | AE8: 4319.9 | AF8: =(AD8-AE8)/AE8 -> -0.11125721 | AH8: 0 | AI8: 0 | AJ8: 1982.47 | AK8: 1776.8 | AL8: =(AJ8-AK8)/AK8 -> 0.11575304 | AN8: 0 | AO8: 0 | AP8: 1.2264 | AQ8: 1.1848 | AR8: =(AP8-AQ8)/AQ8 -> 0.035111411 | AT8: LONG RUN 2020-2025
B9: 1'Outubro'21 | D9: 54077.78 | E9: 48146 | F9: =(D9-E9)/E9 -> 0.123204 | H9: 4543.91 | I9: 4357 | J9: =(H9-I9)/I9 -> 0.042898784 | L9: 1826.88 | M9: 1757.7 | N9: =(L9-M9)/M9 -> 0.039358252 | P9: 1.1844 | Q9: 1.1594 | R9: =(P9-Q9)/Q9 -> 0.021562877 | T9: 1'Outubro'21 | V9: 0.133311 | W9: 0 | X9: 71266.28 | Y9: 48146 | Z9: =(X9-Y9)/Y9 -> 0.48021186 | AB9: 0 | AC9: 0 | AD9: 3883.21 | AE9: 4357 | AF9: =(AD9-AE9)/AE9 -> -0.10874225 | AH9: 0 | AI9: 0 | AJ9: 2028.17 | AK9: 1757.7 | AL9: =(AJ9-AK9)/AK9 -> 0.15387723 | AN9: 0 | AO9: 0 | AP9: 1.229 | AQ9: 1.1594 | AR9: =(AP9-AQ9)/AQ9 -> 0.060031051 | AT9: ASSET | AU9: Bitcoin | AV9: S&P 500 | AW9: Gold | AX9: EUR/USD
B10: 1'Janeiro'22 | D10: 63506.04 | E10: 47738 | F10: =(D10-E10)/E10 -> 0.33030374 | H10: 4540.73 | I10: 4766.2 | J10: =(H10-I10)/I10 -> -0.04730603 | L10: 1796.12 | M10: 1828.6 | N10: =(L10-M10)/M10 -> -0.017762222 | P10: 1.1323 | Q10: 1.1368 | R10: =(P10-Q10)/Q10 -> -0.0039584799 | T10: 1'Janeiro'22 | V10: 0.00329 | W10: 0.004369 | X10: 96459.09 | Y10: 47738 | Z10: =(X10-Y10)/Y10 -> 1.0205934 | AB10: 0.000124 | AC10: 0.000107 | AD10: 3927.64 | AE10: 4766.2 | AF10: =(AD10-AE10)/AE10 -> -0.1759389 | AH10: 0.000248 | AI10: 8.5e-05 | AJ10: 2074.92 | AK10: 1828.6 | AL10: =(AJ10-AK10)/AK10 -> 0.13470415 | AN10: 2.3e-05 | AO10: 2.6e-05 | AP10: 1.2316 | AQ10: 1.1368 | AR10: =(AP10-AQ10)/AQ10 -> 0.083391977 | AT10: Jan 1st, 2026 | AU10: 88812.1 | AV10: 6845.5 | AW10: 4361.55 | AX10: 1.1746
A11: 2022 | B11: 1'Abril'22 | C11: (3,0,2) | D11: 48824.97 | E11: 46297 | F11: =(D11-E11)/E11 -> 0.054603322 | G11: (1,0,0) | H11: 4325.97 | I11: 4545.86 | J11: =(H11-I11)/I11 -> -0.048371485 | K11: (1,0,0) | L11: 1958.8 | M11: 1951.1 | N11: =(L11-M11)/M11 -> 0.0039464917 | O11: (1,0,0) | P11: 1.113 | Q11: 1.1053 | R11: =(P11-Q11)/Q11 -> 0.0069664345 | S11: 2022 | T11: 1'Abril'22 | U11: (3,0,2) | V11: 0.830255 | W11: -0.849283 | X11: 60771.79 | Y11: 46297 | Z11: =(X11-Y11)/Y11 -> 0.31265071 | AA11: (1,0,0) | AB11: -0.103887 | AC11: 0 | AD11: 4831.95 | AE11: 4545.86 | AF11: =(AD11-AE11)/AE11 -> 0.062934186 | AG11: (1,0,0) | AH11: -0.013643 | AI11: 0 | AJ11: 1867.42 | AK11: 1951.1 | AL11: =(AJ11-AK11)/AK11 -> -0.042888627 | AM11: (1,0,0) | AN11: -0.01293 | AO11: 0 | AP11: 1.1381 | AQ11: 1.1053 | AR11: =(AP11-AQ11)/AQ11 -> 0.029675201 | AT11: Forecast | AU11: 8728751.7 | AV11: 4104.39 | AW11: 2523.25 | AX11: 1.1509
B12: 1'Julho'22 | D12: 32598.09 | E12: 19262.9 | F12: =(D12-E12)/E12 -> 0.69227323 | H12: 4120.01 | I12: 3825.33 | J12: =(H12-I12)/I12 -> 0.077033877 | L12: 1858.81 | M12: 1807.3 | N12: =(L12-M12)/M12 -> 0.028501079 | P12: 1.0649 | Q12: 1.0428 | R12: =(P12-Q12)/Q12 -> 0.021192942 | T12: 1'Julho'22 | V12: -0.600233 | W12: 0.457427 | X12: 80681.1 | Y12: 19262.9 | Z12: =(X12-Y12)/Y12 -> 3.1884192 | AB12: 0 | AC12: 0 | AD12: 4897.33 | AE12: 3825.33 | AF12: =(AD12-AE12)/AE12 -> 0.28023726 | AH12: 0 | AI12: 0 | AJ12: 1907.26 | AK12: 1807.3 | AL12: =(AJ12-AK12)/AK12 -> 0.055309025 | AN12: 0 | AO12: 0 | AP12: 1.1394 | AQ12: 1.0428 | AR12: =(AP12-AQ12)/AQ12 -> 0.092635213 | AT12: Erro | AU12: =(AU11-AU10)/AU10 -> 97.283361 | AV12: =(AV11-AV10)/AV10 -> -0.4004251 | AW12: =(AW11-AW10)/AW10 -> -0.4214786 | AX12: =(AX11-AX10)/AX10 -> -0.020177082
B13: 1'Outubro'22 | D13: 21972.72 | E13: 19311.9 | F13: =(D13-E13)/E13 -> 0.13778137 | H13: 3984.72 | I13: 3585.62 | J13: =(H13-I13)/I13 -> 0.11130572 | L13: 1711.01 | M13: 1663.6 | N13: =(L13-M13)/M13 -> 0.028498437 | P13: 0.9943 | Q13: 0.9799 | R13: =(P13-Q13)/Q13 -> 0.014695377 | T13: 1'Outubro'22 | V13: 0.128429 | W13: 0 | X13: 107446.94 | Y13: 19311.9 | Z13: =(X13-Y13)/Y13 -> 4.5637685 | AB13: 0 | AC13: 0 | AD13: 4964.32 | AE13: 3585.62 | AF13: =(AD13-AE13)/AE13 -> 0.38450812 | AH13: 0 | AI13: 0 | AJ13: 1948.41 | AK13: 1663.6 | AL13: =(AJ13-AK13)/AK13 -> 0.17120101 | AN13: 0 | AO13: 0 | AP13: 1.1407 | AQ13: 0.9799 | AR13: =(AP13-AQ13)/AQ13 -> 0.16409838 | AT13: Ordem | AU13: (3,0,2) | AV13: (1,0,0) | AW13: (1,0,0) | AX13: (1,0,0)
B14: 1'Janeiro'23 | D14: 18384.73 | E14: 16618.4 | F14: =(D14-E14)/E14 -> 0.10628761 | H14: 4081.67 | I14: 3839.5 | J14: =(H14-I14)/I14 -> 0.063073317 | L14: 1820.68 | M14: 1826 | N14: =(L14-M14)/M14 -> -0.0029134721 | P14: 1.0523 | Q14: 1.0702 | R14: =(P14-Q14)/Q14 -> -0.016725846 | T14: 1'Janeiro'23 | V14: 0.003114 | W14: 0.004146 | X14: 143092.3 | Y14: 16618.4 | Z14: =(X14-Y14)/Y14 -> 7.6104739 | AB14: 0.000148 | AC14: 0.000104 | AD14: 5032.24 | AE14: 3839.5 | AF14: =(AD14-AE14)/AE14 -> 0.31064982 | AH14: 0.000232 | AI14: 8.4e-05 | AJ14: 1990.44 | AK14: 1826 | AL14: =(AJ14-AK14)/AK14 -> 0.090054765 | AN14: 1.3e-05 | AO14: 2.5e-05 | AP14: 1.142 | AQ14: 1.0702 | AR14: =(AP14-AQ14)/AQ14 -> 0.067090264 | AT14: Constante | AU14: 0.003236 | AV14: 0.000109 | AW14: 0.00023 | AX14: 1.2e-05
A15: 2023 | B15: 1'Abril'23 | C15: (3,0,2) | D15: 25797.06 | E15: 28456.1 | F15: =(D15-E15)/E15 -> -0.093443585 | G15: (1,0,0) | H15: 3967.4 | I15: 4109.31 | J15: =(H15-I15)/I15 -> -0.034533778 | K15: (1,0,0) | L15: 1858.35 | M15: 1988.5 | N15: =(L15-M15)/M15 -> -0.065451345 | O15: (1,0,0) | P15: 1.0666 | Q15: 1.0839 | R15: =(P15-Q15)/Q15 -> -0.015960882 | S15: 2023 | T15: 1'Abril'23 | U15: (3,0,2) | V15: 0.821776 | W15: -0.839762 | X15: 21000.88 | Y15: 28456.1 | Z15: =(X15-Y15)/Y15 -> -0.26199022 | AA15: (1,0,0) | AB15: -0.098313 | AC15: 0 | AD15: 3880.12 | AE15: 4109.31 | AF15: =(AD15-AE15)/AE15 -> -0.055773354 | AG15: (1,0,0) | AH15: -0.012661 | AI15: 0 | AJ15: 1863.23 | AK15: 1988.5 | AL15: =(AJ15-AK15)/AK15 -> -0.062997234 | AM15: (1,0,0) | AN15: -0.012027 | AO15: 0 | AP15: 1.0707 | AQ15: 1.0839 | AR15: =(AP15-AQ15)/AQ15 -> -0.012178245 | AT15: Sigma2 | AU15: 0.004637 | AV15: 9.7e-05 | AW15: 8.3e-05 | AX15: 2.6e-05
B16: 1'Julho'23 | D16: 29263.66 | E16: 30586.8 | F16: =(D16-E16)/E16 -> -0.04325853 | H16: 4239.49 | I16: 4450.38 | J16: =(H16-I16)/I16 -> -0.047386965 | L16: 2000.46 | M16: 1917.9 | N16: =(L16-M16)/M16 -> 0.043047083 | P16: 1.0763 | Q16: 1.091 | R16: =(P16-Q16)/Q16 -> -0.013473877 | T16: 1'Julho'23 | V16: -0.598022 | W16: 0.458592 | X16: 26698.63 | Y16: 30586.8 | Z16: =(X16-Y16)/Y16 -> -0.12711921 | AB16: 0 | AC16: 0 | AD16: 3921.12 | AE16: 4450.38 | AF16: =(AD16-AE16)/AE16 -> -0.11892468 | AH16: 0 | AI16: 0 | AJ16: 1901.2 | AK16: 1917.9 | AL16: =(AJ16-AK16)/AK16 -> -0.0087074404 | AN16: 0 | AO16: 0 | AP16: 1.0712 | AQ16: 1.091 | AR16: =(AP16-AQ16)/AQ16 -> -0.018148488 | AT16: AR1 | AU16: 0.836414 | AV16: -0.080033 | AW16: -0.014594 | AX16: -0.016072
B17: 1'Outubro'23 | D17: 28256.46 | E17: 27974.5 | F17: =(D17-E17)/E17 -> 0.010079179 | H17: 4534.64 | I17: 4288.05 | J17: =(H17-I17)/I17 -> 0.057506326 | L17: 1960.68 | M17: 1869.5 | N17: =(L17-M17)/M17 -> 0.048772399 | P17: 1.0775 | Q17: 1.057 | R17: =(P17-Q17)/Q17 -> 0.019394513 | T17: 1'Outubro'23 | V17: 0.12447 | W17: 0 | X17: 34031.88 | Y17: 27974.5 | Z17: =(X17-Y17)/Y17 -> 0.2165322 | AB17: 0 | AC17: 0 | AD17: 3963.02 | AE17: 4288.05 | AF17: =(AD17-AE17)/AE17 -> -0.075799023 | AH17: 0 | AI17: 0 | AJ17: 1940.39 | AK17: 1869.5 | AL17: =(AJ17-AK17)/AK17 -> 0.03791923 | AN17: 0 | AO17: 0 | AP17: 1.0716 | AQ17: 1.057 | AR17: =(AP17-AQ17)/AQ17 -> 0.013812677 | AT17: AR2 | AU17: -0.587543 | AV17: - | AW17: - | AX17: -
B18: 1'Janeiro'24 | D18: 42074.9 | E18: 44183.4 | F18: =(D18-E18)/E18 -> -0.047721542 | H18: 4612.05 | I18: 4769.83 | J18: =(H18-I18)/I18 -> -0.033078747 | L18: 2062.74 | M18: 2083.5 | N18: =(L18-M18)/M18 -> -0.0099640029 | P18: 1.0884 | Q18: 1.1044 | R18: =(P18-Q18)/Q18 -> -0.014487505 | T18: 1'Janeiro'24 | V18: 0.002638 | W18: 0.003912 | X18: 43379.35 | Y18: 44183.4 | Z18: =(X18-Y18)/Y18 -> -0.018198011 | AB18: 0.000116 | AC18: 0.000107 | AD18: 4005.37 | AE18: 4769.83 | AF18: =(AD18-AE18)/AE18 -> -0.16026986 | AH18: 0.000222 | AI18: 8.3e-05 | AJ18: 1980.38 | AK18: 2083.5 | AL18: =(AJ18-AK18)/AK18 -> -0.049493641 | AN18: 5e-06 | AO18: 2.5e-05 | AP18: 1.0721 | AQ18: 1.1044 | AR18: =(AP18-AQ18)/AQ18 -> -0.02924665 | AT18: AR3 | AU18: 0.145298 | AV18: - | AW18: - | AX18: -
A19: 2024 | B19: 1'Abril'24 | C19: (3,0,2) | D19: 68589.43 | E19: 69664.4 | F19: =(D19-E19)/E19 -> -0.015430693 | G19: (1,0,0) | H19: 5157.96 | I19: 5243.77 | J19: =(H19-I19)/I19 -> -0.016364181 | K19: (1,0,0) | L19: 2069.34 | M19: 2245.9 | N19: =(L19-M19)/M19 -> -0.078614364 | O19: (1,0,0) | P19: 1.0839 | Q19: 1.0743 | R19: =(P19-Q19)/Q19 -> 0.0089360514 | S19: 2024 | T19: 1'Abril'24 | U19: (3,0,2) | V19: 0.825445 | W19: -0.843021 | X19: 53703.54 | Y19: 69664.4 | Z19: =(X19-Y19)/Y19 -> -0.22911071 | AA19: (1,0,0) | AB19: -0.096132 | AC19: 0 | AD19: 4829.71 | AE19: 5243.77 | AF19: =(AD19-AE19)/AE19 -> -0.078962273 | AG19: (1,0,0) | AH19: -0.014022 | AI19: 0 | AJ19: 2127.59 | AK19: 2245.9 | AL19: =(AJ19-AK19)/AK19 -> -0.052678214 | AM19: (1,0,0) | AN19: -0.013049 | AO19: 0 | AP19: 1.1044 | AQ19: 1.0743 | AR19: =(AP19-AQ19)/AQ19 -> 0.028018244 | AT19: MA1 | AU19: -0.846145 | AV19: - | AW19: - | AX19: -
B20: 1'Julho'24 | D20: 73345.21 | E20: 62890.1 | F20: =(D20-E20)/E20 -> 0.16624413 | H20: 5297.3 | I20: 5475.09 | J20: =(H20-I20)/I20 -> -0.032472526 | L20: 2371.9 | M20: 2338.9 | N20: =(L20-M20)/M20 -> 0.014109197 | P20: 1.0843 | Q20: 1.0738 | R20: =(P20-Q20)/Q20 -> 0.0097783572 | T20: 1'Julho'24 | V20: -0.597801 | W20: 0.460241 | X20: 68239.16 | Y20: 62890.1 | Z20: =(X20-Y20)/Y20 -> 0.085054086 | AB20: 0 | AC20: 0 | AD20: 4889.62 | AE20: 5475.09 | AF20: =(AD20-AE20)/AE20 -> -0.1069334 | AH20: 0 | AI20: 0 | AJ20: 2172.1 | AK20: 2338.9 | AL20: =(AJ20-AK20)/AK20 -> -0.071315576 | AN20: 0 | AO20: 0 | AP20: 1.1053 | AQ20: 1.0738 | AR20: =(AP20-AQ20)/AQ20 -> 0.029335072 | AT20: MA2 | AU20: 0.422473 | AV20: - | AW20: - | AX20: -
B21: 1'Outubro'24 | D21: 61933.52 | E21: 60835.5 | F21: =(D21-E21)/E21 -> 0.018049001 | H21: 5674.85 | I21: 5708.75 | J21: =(H21-I21)/I21 -> -0.0059382527 | L21: 2555.67 | M21: 2678.5 | N21: =(L21-M21)/M21 -> -0.045857756 | P21: 1.1049 | Q21: 1.1067 | R21: =(P21-Q21)/Q21 -> -0.001626457 | T21: 1'Outubro'24 | V21: 0.123961 | W21: 0 | X21: 89637.59 | Y21: 60835.5 | Z21: =(X21-Y21)/Y21 -> 0.47344215 | AB21: 0 | AC21: 0 | AD21: 4950.94 | AE21: 5708.75 | AF21: =(AD21-AE21)/AE21 -> -0.13274535 | AH21: 0 | AI21: 0 | AJ21: 2218.06 | AK21: 2678.5 | AL21: =(AJ21-AK21)/AK21 -> -0.17190218 | AN21: 0 | AO21: 0 | AP21: 1.1061 | AQ21: 1.1067 | AR21: =(AP21-AQ21)/AQ21 -> -0.00054215234
B22: 1'Janeiro'25 | D22: 106284.36 | E22: 94560.2 | F22: =(D22-E22)/E22 -> 0.1239862 | H22: 6062.78 | I22: 5881.63 | J22: =(H22-I22)/I22 -> 0.030799285 | L22: 2672.89 | M22: 2618.1 | N22: =(L22-M22)/M22 -> 0.02092739 | P22: 1.0576 | Q22: 1.0355 | R22: =(P22-Q22)/Q22 -> 0.021342347 | T22: 1'Janeiro'25 | V22: 0.002632 | W22: 0.003662 | X22: 110759.65 | Y22: 94560.2 | Z22: =(X22-Y22)/Y22 -> 0.17131362 | AB22: 0.000135 | AC22: 0.000104 | AD22: 5013.04 | AE22: 5881.63 | AF22: =(AD22-AE22)/AE22 -> -0.14767845 | AH22: 0.000228 | AI22: 8.2e-05 | AJ22: 2264.98 | AK22: 2618.1 | AL22: =(AJ22-AK22)/AK22 -> -0.13487644 | AN22: 8e-06 | AO22: 2.5e-05 | AP22: 1.1069 | AQ22: 1.0355 | AR22: =(AP22-AQ22)/AQ22 -> 0.068952197
A23: 2025 | B23: 1'Abril'25 | C23: (3,0,2) | D23: 92378.85 | E23: 85164.2 | F23: =(D23-E23)/E23 -> 0.084714587 | G23: (1,0,0) | H23: 5975.76 | I23: 5633.07 | J23: =(H23-I23)/I23 -> 0.060835388 | K23: (1,0,0) | L23: 2919.44 | M23: 3146 | N23: =(L23-M23)/M23 -> -0.072015257 | O23: (1,0,0) | P23: 1.0376 | Q23: 1.0793 | R23: =(P23-Q23)/Q23 -> -0.038636153 | S23: 2025 | T23: 1'Abril'25 | U23: (3,0,2) | V23: 0.820166 | W23: -0.838019 | X23: 118317.12 | Y23: 85164.2 | Z23: =(X23-Y23)/Y23 -> 0.38928235 | AA23: (1,0,0) | AB23: -0.09416 | AC23: 0 | AD23: 5966.37 | AE23: 5633.07 | AF23: =(AD23-AE23)/AE23 -> 0.059168446 | AG23: (1,0,0) | AH23: -0.013097 | AI23: 0 | AJ23: 2676.76 | AK23: 3146 | AL23: =(AJ23-AK23)/AK23 -> -0.14915448 | AM23: (1,0,0) | AN23: -0.0144834 | AO23: 0 | AP23: 1.0355 | AQ23: 1.0793 | AR23: =(AP23-AQ23)/AQ23 -> -0.040581859
B24: 1'Julho'25 | D24: 113839.89 | E24: 105694.3 | F24: =(D24-E24)/E24 -> 0.077067448 | H24: 5939.33 | I24: 6198.01 | J24: =(H24-I24)/I24 -> -0.041735977 | L24: 3371.95 | M24: 3349.8 | N24: =(L24-M24)/M24 -> 0.0066123351 | P24: 1.1352 | Q24: 1.1807 | R24: =(P24-Q24)/Q24 -> -0.038536461 | T24: 1'Julho'25 | V24: -0.598447 | W24: 0.46362 | X24: 149940.38 | Y24: 105694.3 | Z24: =(X24-Y24)/Y24 -> 0.41862314 | AB24: 0 | AC24: 0 | AD24: 6050.02 | AE24: 6198.01 | AF24: =(AD24-AE24)/AE24 -> -0.023877019 | AH24: 0 | AI24: 0 | AJ24: 2736.72 | AK24: 3349.8 | AL24: =(AJ24-AK24)/AK24 -> -0.18301988 | AN24: 0 | AO24: 0 | AP24: 1.0355 | AQ24: 1.1807 | AR24: =(AP24-AQ24)/AQ24 -> -0.12297789
B25: 1'Outubro'25 | D25: 117847.47 | E25: 118576.2 | F25: =(D25-E25)/E25 -> -0.0061456684 | H25: 6492.46 | I25: 6711.2 | J25: =(H25-I25)/I25 -> -0.032593277 | L25: 3541.19 | M25: 3897.5 | N25: =(L25-M25)/M25 -> -0.091420141 | P25: 1.1716 | Q25: 1.173 | R25: =(P25-Q25)/Q25 -> -0.0011935209 | T25: 1'Outubro'25 | V25: 0.120382 | W25: 0 | X25: 190511 | Y25: 118576.2 | Z25: =(X25-Y25)/Y25 -> 0.60665462 | AB25: 0 | AC25: 0 | AD25: 6135.78 | AE25: 6711.2 | AF25: =(AD25-AE25)/AE25 -> -0.085740255 | AH25: 0 | AI25: 0 | AJ25: 2798.71 | AK25: 3897.5 | AL25: =(AJ25-AK25)/AK25 -> -0.28192174 | AN25: 0 | AO25: 0 | AP25: 1.0356 | AQ25: 1.173 | AR25: =(AP25-AQ25)/AQ25 -> -0.11713555
B26: 1'Janeiro'26 | D26: 93312.15 | E26: 88812.1 | F26: =(D26-E26)/E26 -> 0.050669334 | H26: 6848.63 | I26: 6845.5 | J26: =(H26-I26)/I26 -> 0.00045723468 | L26: 4314.18 | M26: 4361.55 | N26: =(L26-M26)/M26 -> -0.010860818 | P26: 1.1615 | Q26: 1.1746 | R26: =(P26-Q26)/Q26 -> -0.011152733 | T26: 1'Janeiro'26 | V26: 0.002603 | W26: 0.003463 | X26: 242059.16 | Y26: 88812.1 | Z26: =(X26-Y26)/Y26 -> 1.7255201 | AB26: 0.000153 | AC26: 0.000102 | AD26: 6222.76 | AE26: 6845.5 | AF26: =(AD26-AE26)/AE26 -> -0.090970711 | AH26: 0.000243 | AI26: 8.1e-05 | AJ26: 2862.11 | AK26: 4361.55 | AL26: =(AJ26-AK26)/AK26 -> -0.34378604 | AN26: 8.94e-07 | AO26: 2.429e-05 | AP26: 1.0357 | AQ26: 1.1746 | AR26: =(AP26-AQ26)/AQ26 -> -0.11825302
A27: 2026 | B27: 1'Abril'26 | F27: =(D27-E27)/E27 -> #DIV/0! | J27: =(H27-I27)/I27 -> #DIV/0! | N27: =(L27-M27)/M27 -> #DIV/0! | R27: =(P27-Q27)/Q27 -> #DIV/0! | S27: 2026 | T27: 1'Abril'26 | U27: (3,0,2) | Z27: =(X27-Y27)/Y27 -> #DIV/0! | AA27: (1,0,0) | AF27: =(AD27-AE27)/AE27 -> #DIV/0! | AG27: (1,0,0) | AL27: =(AJ27-AK27)/AK27 -> #DIV/0! | AM27: (1,0,0) | AR27: =(AP27-AQ27)/AQ27 -> #DIV/0!
B28: 1'Julho'26 | F28: =(D28-E28)/E28 -> #DIV/0! | J28: =(H28-I28)/I28 -> #DIV/0! | N28: =(L28-M28)/M28 -> #DIV/0! | R28: =(P28-Q28)/Q28 -> #DIV/0! | T28: 1'Julho'26 | Z28: =(X28-Y28)/Y28 -> #DIV/0! | AF28: =(AD28-AE28)/AE28 -> #DIV/0! | AL28: =(AJ28-AK28)/AK28 -> #DIV/0! | AR28: =(AP28-AQ28)/AQ28 -> #DIV/0!
B29: 1'Outubro'26 | F29: =(D29-E29)/E29 -> #DIV/0! | J29: =(H29-I29)/I29 -> #DIV/0! | N29: =(L29-M29)/M29 -> #DIV/0! | R29: =(P29-Q29)/Q29 -> #DIV/0! | T29: 1'Outubro'26 | Z29: =(X29-Y29)/Y29 -> #DIV/0! | AF29: =(AD29-AE29)/AE29 -> #DIV/0! | AL29: =(AJ29-AK29)/AK29 -> #DIV/0! | AR29: =(AP29-AQ29)/AQ29 -> #DIV/0!
B30: 1'Janeiro'27 | F30: =(D30-E30)/E30 -> #DIV/0! | J30: =(H30-I30)/I30 -> #DIV/0! | N30: =(L30-M30)/M30 -> #DIV/0! | R30: =(P30-Q30)/Q30 -> #DIV/0! | T30: 1'Janeiro'27 | Z30: =(X30-Y30)/Y30 -> #DIV/0! | AF30: =(AD30-AE30)/AE30 -> #DIV/0! | AL30: =(AJ30-AK30)/AK30 -> #DIV/0! | AR30: =(AP30-AQ30)/AQ30 -> #DIV/0!
E31: AVG(ABS) | F31: {=AVERAGE(ABS(F3:F26))} -> 0.15001796 | I31: AVG(ABS) | J31: {=AVERAGE(ABS(J3:J26))} -> 0.046503625 | M31: AVG(ABS) | N31: {=AVERAGE(ABS(N3:N26))} -> 0.033444723 | Q31: AVG(ABS) | R31: {=AVERAGE(ABS(R3:R26))} -> 0.015675635 | Y31: AVG(ABS) | Z31: {=AVERAGE(ABS(Z3:Z26))} -> 1.0222612 | AE31: AVG(ABS) | AF31: {=AVERAGE(ABS(AF3:AF26))} -> 0.13022043 | AK31: AVG(ABS) | AL31: {=AVERAGE(ABS(AL3:AL26))} -> 0.11816733 | AQ31: AVG(ABS) | AR31: {=AVERAGE(ABS(AR3:AR26))} -> 0.05485163

Sheet XGBoost
A1: Monthly Model | C1: Bitcoin | H1: S&P 500 | M1: Gold | R1: EUR/USD | W1: Static Model | Y1: Bitcoin | AF1: S&P 500 | AM1: Gold | AT1: EUR/USD
A2: Ano previsto | C2: Parâmetros | E2: Forecast | F2: Real | G2: Erro | H2: Parâmetros | J2: Forecast | K2: Real | L2: Erro | M2: Parâmetros | O2: Forecast | P2: Real | Q2: Erro | R2: Parâmetros | T2: Forecast | U2: Real | V2: Erro | W2: Ano previsto | Y2: Parâmetros | AA2: Important features (>0.08) | AC2: Forecast | AD2: Real | AE2: Erro | AF2: Parâmetros | AH2: Important features | AJ2: Forecast | AK2: Real | AL2: Erro | AM2: Parâmetros | AO2: Important features | AQ2: Forecast | AR2: Real | AS2: Erro | AT2: Parâmetros | AV2: Important features | AX2: Forecast | AY2: Real | AZ2: Erro | BJ2: Important features (>0.08) | BM2: lag_x | BN2: [1, 2, 3, 5, 10, 21] | BO2: Log return x days ago
A3: 2020 | B3: 1'Abril'20 | C3: n_estimators | D3: 100 | E3: 9298.89 | F3: 6638.5 | G3: =(E3-F3)/F3 -> 0.40075168 | H3: n_estimators | I3: 100 | J3: 2969.4 | K3: 2470.5 | L3: =(J3-K3)/K3 -> 0.20194293 | M3: n_estimators | N3: 100 | O3: 1570.13 | P3: 1584.1 | Q3: =(O3-P3)/P3 -> -0.0088188877 | R3: n_estimators | S3: 100 | T3: 1.1041 | U3: 1.0962 | V3: =(T3-U3)/U3 -> 0.0072067141 | W3: 2020 | X3: 1'Abril'20 | Y3: n_estimators | Z3: 100 | AA3: mom_21 | AB3: vol_5 | AC3: 9183 | AD3: 6638.5 | AE3: =(AC3-AD3)/AD3 -> 0.38329442 | AF3: n_estimators | AG3: 100 | AH3: lag_2 | AI3: ma_gap_21 | AJ3: 3257.62 | AK3: 2470.5 | AL3: =(AJ3-AK3)/AK3 -> 0.31860757 | AM3: n_estimators | AN3: 100 | AO3: mom_5 | AP3: . | AQ3: 1552.53 | AR3: 1584.1 | AS3: =(AQ3-AR3)/AR3 -> -0.019929297 | AT3: n_estimators | AU3: 100 | AV3: vol_21 | AW3: . | AX3: 1.1254 | AY3: 1.0962 | AZ3: =(AX3-AY3)/AY3 -> 0.026637475 | BB3: XGBoost - LONG RUN 2020-2025 | BJ3: #1 | BK3: #5 | BM3: mom_x | BN3: [5, 21] | BO3: Cumulative return over last x days (momentum)
B4: 1'Julho'20 | C4: max_depth | D4: 4 | E4: 11092.04 | F4: 9229.9 | G4: =(E4-F4)/F4 -> 0.20175083 | H4: max_depth | I4: 2 | J4: 3064.82 | K4: 3115.9 | L4: =(J4-K4)/K4 -> -0.016393337 | M4: max_depth | N4: 2 | O4: 1755.34 | P4: 1779.9 | Q4: =(O4-P4)/P4 -> -0.013798528 | R4: max_depth | S4: 2 | T4: 1.1162 | U4: 1.125 | V4: =(T4-U4)/U4 -> -0.0078222222 | X4: 1'Julho'20 | Y4: max_depth | Z4: 4 | AA4: lag_1 | AB4: . | AC4: 11696.69 | AD4: 9229.9 | AE4: =(AC4-AD4)/AD4 -> 0.26726075 | AF4: max_depth | AG4: 2 | AH4: lag_3 | AI4: lag_1 | AJ4: 3284.36 | AK4: 3115.9 | AL4: =(AJ4-AK4)/AK4 -> 0.054064636 | AM4: max_depth | AN4: 2 | AO4: lag_5 | AP4: . | AQ4: 1585.71 | AR4: 1779.9 | AS4: =(AQ4-AR4)/AR4 -> -0.10910163 | AT4: max_depth | AU4: 2 | AV4: mom_21 | AW4: . | AX4: 1.1288 | AY4: 1.125 | AZ4: =(AX4-AY4)/AY4 -> 0.0033777778 | BB4: ASSET | BC4: Bitcoin | BD4: S&P 500 | BE4: Gold | BF4: EUR/USD | BJ4: #2 | BK4: #6 | BM4: vol_x | BN4: [5, 21] | BO4: Standard deviation of log returns over last x days
B5: 1'Outubro'20 | C5: learn_rate | D5: 0.008 | E5: 12964.11 | F5: 10620.5 | G5: =(E5-F5)/F5 -> 0.22066852 | H5: learn_rate | I5: 0.008 | J5: 3539.12 | K5: 3380.8 | L5: =(J5-K5)/K5 -> 0.046829153 | M5: learn_rate | N5: 0.008 | O5: 1980.89 | P5: 1912.3 | Q5: =(O5-P5)/P5 -> 0.035867803 | R5: learn_rate | S5: 0.008 | T5: 1.1938 | U5: 1.1747 | V5: =(T5-U5)/U5 -> 0.016259471 | X5: 1'Outubro'20 | Y5: learn_rate | Z5: 0.008 | AA5: lag_21 | AB5: . | AC5: 14938.12 | AD5: 10620.5 | AE5: =(AC5-AD5)/AD5 -> 0.40653642 | AF5: learn_rate | AG5: 0.008 | AH5: vol_5 | AI5: mom_21 | AJ5: 3311.63 | AK5: 3380.8 | AL5: =(AJ5-AK5)/AK5 -> -0.020459655 | AM5: learn_rate | AN5: 0.008 | AO5: vol_5 | AP5: . | AQ5: 1620.01 | AR5: 1912.3 | AS5: =(AQ5-AR5)/AR5 -> -0.15284736 | AT5: learn_rate | AU5: 0.008 | AV5: dow | AW5: . | AX5: 1.1323 | AY5: 1.1747 | AZ5: =(AX5-AY5)/AY5 -> -0.036094322 | BB5: Jan 1st, 2026 | BC5: 88812.1 | BD5: 6845.5 | BE5: 4361.55 | BF5: 1.1746 | BJ5: #3 | BK5: #7 | BM5: vol_ratio | BN5: vol_5 / vol_21 | BO5: Over 1 means short term stress is high
B6: 1'Janeiro'21 | C6: MAE | D6: 0.029103 | E6: 20520.35 | F6: 29359.9 | G6: =(E6-F6)/F6 -> -0.30107562 | H6: MAE | I6: 0.005093 | J6: 3675.88 | K6: 3756.1 | L6: =(J6-K6)/K6 -> -0.021357259 | M6: MAE | N6: 0.00556 | O6: 1831.07 | P6: 1895.1 | Q6: =(O6-P6)/P6 -> -0.033787135 | R6: MAE | S6: 0.003159 | T6: 1.2096 | U6: 1.2213 | V6: =(T6-U6)/U6 -> -0.0095799558 | X6: 1'Janeiro'21 | Y6: MAE | Z6: 0.029103 | AA6: lag_10 | AB6: . | AC6: 19077.84 | AD6: 29359.9 | AE6: =(AC6-AD6)/AD6 -> -0.3502076 | AF6: MAE | AG6: 0.005095 | AH6: vol_21 | AI6: vol_ratio | AJ6: 3339.11 | AK6: 3756.1 | AL6: =(AJ6-AK6)/AK6 -> -0.11101675 | AM6: MAE | AN6: 0.00556 | AO6: . | AP6: . | AQ6: 1654.83 | AR6: 1895.1 | AS6: =(AQ6-AR6)/AR6 -> -0.12678487 | AT6: MAE | AU6: 0.003159 | AV6: lag_5 | AW6: . | AX6: 1.1359 | AY6: 1.2213 | AZ6: =(AX6-AY6)/AY6 -> -0.069925489 | BB6: Forecast | BC6: 2449202.5 | BD6: 3934.46 | BE6: 2528.42 | BF6: 1.2085 | BJ6: #4 | BK6: #8 | BM6: ma_gap_21 | BN6: log(today/last 21 mean) | BO6: How relatively high current price is
A7: 2021 | B7: 1'Abril'21 | C7: n_estimators | D7: 200 | E7: 53849.7 | F7: 58718.3 | G7: =(E7-F7)/F7 -> -0.082914526 | H7: n_estimators | I7: 100 | J7: 3916.31 | K7: 4019.9 | L7: =(J7-K7)/K7 -> -0.025769298 | M7: n_estimators | N7: 100 | O7: 1736.08 | P7: 1727.3 | Q7: =(O7-P7)/P7 -> 0.0050830776 | R7: n_estimators | S7: 100 | T7: 1.2074 | U7: 1.1775 | V7: =(T7-U7)/U7 -> 0.025392781 | W7: 2021 | X7: 1'Abril'21 | Y7: n_estimators | Z7: 200 | AA7: lag_10 | AB7: lag_3 | AC7: 36885.01 | AD7: 58718.3 | AE7: =(AC7-AD7)/AD7 -> -0.3718311 | AF7: n_estimators | AG7: 100 | AH7: lag_2 | AI7: lag_10 | AJ7: 3794.59 | AK7: 4019.9 | AL7: =(AJ7-AK7)/AK7 -> -0.056048658 | AM7: n_estimators | AN7: 100 | AO7: mom_5 | AP7: lag_21 | AQ7: 1941.2 | AR7: 1727.3 | AS7: =(AQ7-AR7)/AR7 -> 0.12383489 | AT7: n_estimators | AU7: 100 | AV7: lag_21 | AW7: . | AX7: 1.228 | AY7: 1.1775 | AZ7: =(AX7-AY7)/AY7 -> 0.042887473 | BB7: Erro | BC7: =(BC6-BC5)/BC5 -> 26.577351 | BD7: =(BD6-BD5)/BD5 -> -0.4252487 | BE7: =(BE6-BE5)/BE5 -> -0.42029324 | BF7: =(BF6-BF5)/BF5 -> 0.028860889 | BM7: dow | BN7: Monday = 0; Sunday = 6 | BO7: Day of week
B8: 1'Julho'21 | C8: max_depth | D8: 3 | E8: 39282.78 | F8: 33543.6 | G8: =(E8-F8)/F8 -> 0.17109613 | H8: max_depth | I8: 2 | J8: 4218.21 | K8: 4319.9 | L8: =(J8-K8)/K8 -> -0.023539897 | M8: max_depth | N8: 2 | O8: 1919.3 | P8: 1776.8 | Q8: =(O8-P8)/P8 -> 0.08020036 | R8: max_depth | S8: 2 | T8: 1.2242 | U8: 1.1848 | V8: =(T8-U8)/U8 -> 0.033254558 | X8: 1'Julho'21 | Y8: max_depth | Z8: 3 | AA8: mom_21 | AB8: . | AC8: 46635.7 | AD8: 33543.6 | AE8: =(AC8-AD8)/AD8 -> 0.39030098 | AF8: max_depth | AG8: 2 | AH8: ma_gap_21 | AI8: lag_21 | AJ8: 3833.47 | AK8: 4319.9 | AL8: =(AJ8-AK8)/AK8 -> -0.11260214 | AM8: max_depth | AN8: 2 | AO8: lag_5 | AP8: . | AQ8: 1990.1 | AR8: 1776.8 | AS8: =(AQ8-AR8)/AR8 -> 0.12004728 | AT8: max_depth | AU8: 2 | AV8: vol_21 | AW8: . | AX8: 1.2332 | AY8: 1.1848 | AZ8: =(AX8-AY8)/AY8 -> 0.040850777 | BB8: n_estimators | BC8: 100 | BD8: 100 | BE8: 100 | BF8: 100 | BM8: is_filled | BN8: Equal to 0 or 1 (weekend) | BO8: Knowing when it forward filled allows it to know when log return is zero
B9: 1'Outubro'21 | C9: learn_rate | D9: 0.008 | E9: 52729.56 | F9: 48146 | G9: =(E9-F9)/F9 -> 0.095201263 | H9: learn_rate | I9: 0.008 | J9: 4543.07 | K9: 4357 | L9: =(J9-K9)/K9 -> 0.04270599 | M9: learn_rate | N9: 0.008 | O9: 1827.74 | P9: 1757.7 | Q9: =(O9-P9)/P9 -> 0.039847528 | R9: learn_rate | S9: 0.008 | T9: 1.1868 | U9: 1.1594 | V9: =(T9-U9)/U9 -> 0.023632914 | X9: 1'Outubro'21 | Y9: learn_rate | Z9: 0.008 | AA9: lag_21 | AB9: . | AC9: 59116.2 | AD9: 48146 | AE9: =(AC9-AD9)/AD9 -> 0.22785278 | AF9: learn_rate | AG9: 0.008 | AH9: lag_1 | AI9: . | AJ9: 3873.18 | AK9: 4357 | AL9: =(AJ9-AK9)/AK9 -> -0.1110443 | AM9: learn_rate | AN9: 0.008 | AO9: vol_5 | AP9: . | AQ9: 2040.8 | AR9: 1757.7 | AS9: =(AQ9-AR9)/AR9 -> 0.16106275 | AT9: learn_rate | AU9: 0.008 | AV9: dow | AW9: . | AX9: 1.2386 | AY9: 1.1594 | AZ9: =(AX9-AY9)/AY9 -> 0.068311195 | BB9: max_depth | BC9: 4 | BD9: 2 | BE9: 2 | BF9: 2
B10: 1'Janeiro'22 | C10: MAE | D10: 0.028695 | E10: 61821.32 | F10: 47738 | G10: =(E10-F10)/F10 -> 0.29501278 | H10: MAE | I10: 0.005325 | J10: 4531.93 | K10: 4766.2 | L10: =(J10-K10)/K10 -> -0.049152365 | M10: MAE | N10: 0.00561 | O10: 1797.62 | P10: 1828.6 | Q10: =(O10-P10)/P10 -> -0.016941923 | R10: MAE | S10: 0.003118 | T10: 1.1338 | U10: 1.1368 | V10: =(T10-U10)/U10 -> -0.0026389866 | X10: 1'Janeiro'22 | Y10: MAE | Z10: 0.028695 | AA10: lag_1 | AB10: . | AC10: 74936.69 | AD10: 47738 | AE10: =(AC10-AD10)/AD10 -> 0.56974926 | AF10: MAE | AG10: 0.005325 | AH10: lag_5 | AI10: . | AJ10: 3913.31 | AK10: 4766.2 | AL10: =(AJ10-AK10)/AK10 -> -0.17894549 | AM10: MAE | AN10: 0.00561 | AO10: lag_1 | AP10: . | AQ10: 2092.91 | AR10: 1828.6 | AS10: =(AQ10-AR10)/AR10 -> 0.14454227 | AT10: MAE | AU10: 0.003118 | AV10: . | AW10: . | AX10: 1.244 | AY10: 1.1368 | AZ10: =(AX10-AY10)/AY10 -> 0.094299789 | BB10: learning_rate | BC10: 0.008 | BD10: 0.008 | BE10: 0.008 | BF10: 0.008
A11: 2022 | B11: 1'Abril'22 | C11: n_estimators | D11: 200 | E11: 48050.7 | F11: 46297 | G11: =(E11-F11)/F11 -> 0.037879344 | H11: n_estimators | I11: 100 | J11: 4323.18 | K11: 4545.86 | L11: =(J11-K11)/K11 -> -0.048985231 | M11: n_estimators | N11: 100 | O11: 1959.51 | P11: 1951.1 | Q11: =(O11-P11)/P11 -> 0.004310389 | R11: n_estimators | S11: 100 | T11: 1.1142 | U11: 1.1053 | V11: =(T11-U11)/U11 -> 0.0080521125 | W11: 2022 | X11: 1'Abril'22 | Y11: n_estimators | Z11: 200 | AA11: mom_21 | AB11: . | AC11: 57126.57 | AD11: 46297 | AE11: =(AC11-AD11)/AD11 -> 0.23391516 | AF11: n_estimators | AG11: 100 | AH11: lag_5 | AI11: dow | AJ11: 4826.48 | AK11: 4545.86 | AL11: =(AJ11-AK11)/AK11 -> 0.061730894 | AM11: n_estimators | AN11: 100 | AO11: mom_5 | AP11: lag_5 | AQ11: 1871.43 | AR11: 1951.1 | AS11: =(AQ11-AR11)/AR11 -> -0.040833376 | AT11: n_estimators | AU11: 100 | AV11: vol_21 | AW11: . | AX11: 1.1399 | AY11: 1.1053 | AZ11: =(AX11-AY11)/AY11 -> 0.031303718 | BB11: #1 feature | BC11: mom_21 | BD11: lag_2 | BE11: mom_5 | BF11: vol_21
B12: 1'Julho'22 | C12: max_depth | D12: 4 | E12: 31511.5 | F12: 19262.9 | G12: =(E12-F12)/F12 -> 0.6358648 | H12: max_depth | I12: 2 | J12: 4115.01 | K12: 3825.33 | L12: =(J12-K12)/K12 -> 0.0757268 | M12: max_depth | N12: 2 | O12: 1859.78 | P12: 1807.3 | Q12: =(O12-P12)/P12 -> 0.029037791 | R12: max_depth | S12: 2 | T12: 1.066 | U12: 1.0428 | V12: =(T12-U12)/U12 -> 0.022247794 | X12: 1'Julho'22 | Y12: max_depth | Z12: 4 | AA12: lag_1 | AB12: . | AC12: 71598.59 | AD12: 19262.9 | AE12: =(AC12-AD12)/AD12 -> 2.7169165 | AF12: max_depth | AG12: 2 | AH12: lag_2 | AI12: . | AJ12: 4887.52 | AK12: 3825.33 | AL12: =(AJ12-AK12)/AK12 -> 0.27767278 | AM12: max_depth | AN12: 2 | AO12: vol_5 | AP12: . | AQ12: 1915.88 | AR12: 1807.3 | AS12: =(AQ12-AR12)/AR12 -> 0.06007857 | AT12: max_depth | AU12: 2 | AV12: . | AW12: . | AX12: 1.1419 | AY12: 1.0428 | AZ12: =(AX12-AY12)/AY12 -> 0.095032605 | BB12: #2 feature | BC12: lag_1 | BD12: lag_3 | BE12: lag_5 | BF12: mom_21
B13: 1'Outubro'22 | C13: learn_rate | D13: 0.008 | E13: 21144.09 | F13: 19311.9 | G13: =(E13-F13)/F13 -> 0.094873627 | H13: learn_rate | I13: 0.008 | J13: 3981.36 | K13: 3585.62 | L13: =(J13-K13)/K13 -> 0.11036864 | M13: learn_rate | N13: 0.008 | O13: 1712.43 | P13: 1663.6 | Q13: =(O13-P13)/P13 -> 0.029352008 | R13: learn_rate | S13: 0.008 | T13: 0.9952 | U13: 0.9799 | V13: =(T13-U13)/U13 -> 0.015613838 | X13: 1'Outubro'22 | Y13: learn_rate | Z13: 0.008 | AA13: ma_gap_21 | AB13: . | AC13: 89959.79 | AD13: 19311.9 | AE13: =(AC13-AD13)/AD13 -> 3.6582568 | AF13: learn_rate | AG13: 0.008 | AH13: vol_ratio | AI13: . | AJ13: 4950.02 | AK13: 3585.62 | AL13: =(AJ13-AK13)/AK13 -> 0.38051997 | AM13: learn_rate | AN13: 0.008 | AO13: lag_2 | AP13: . | AQ13: 1961.68 | AR13: 1663.6 | AS13: =(AQ13-AR13)/AR13 -> 0.17917769 | AT13: learn_rate | AU13: 0.008 | AV13: . | AW13: . | AX13: 1.144 | AY13: 0.9799 | AZ13: =(AX13-AY13)/AY13 -> 0.16746607 | BB13: #3 feature | BC13: lag_21 | BD13: vol_5 | BE13: vol_5 | BF13: dow
B14: 1'Janeiro'23 | C14: MAE | D14: 0.029226 | E14: 17808.68 | F14: 16618.4 | G14: =(E14-F14)/F14 -> 0.071624224 | H14: MAE | I14: 0.005275 | J14: 4092.11 | K14: 3839.5 | L14: =(J14-K14)/K14 -> 0.065792421 | M14: MAE | N14: 0.005551 | O14: 1820.06 | P14: 1826 | Q14: =(O14-P14)/P14 -> -0.003253012 | R14: MAE | S14: 0.003048 | T14: 1.0532 | U14: 1.0702 | V14: =(T14-U14)/U14 -> -0.015884881 | X14: 1'Janeiro'23 | Y14: MAE | Z14: 0.029226 | AA14: lag_5 | AB14: . | AC14: 113029.65 | AD14: 16618.4 | AE14: =(AC14-AD14)/AD14 -> 5.8014761 | AF14: MAE | AG14: 0.005275 | AH14: lag_3 | AI14: . | AJ14: 5013.32 | AK14: 3839.5 | AL14: =(AJ14-AK14)/AK14 -> 0.3057221 | AM14: MAE | AN14: 0.005551 | AO14: lag_21 | AP14: . | AQ14: 2008.58 | AR14: 1826 | AS14: =(AQ14-AR14)/AR14 -> 0.099989047 | AT14: MAE | AU14: 0.003048 | AV14: . | AW14: . | AX14: 1.146 | AY14: 1.0702 | AZ14: =(AX14-AY14)/AY14 -> 0.070827883 | BB14: #4 feature | BC14: lag_10 | BD14: vol_21 | BE14: lag_21 | BF14: lag_5
A15: 2023 | B15: 1'Abril'23 | C15: n_estimators | D15: 100 | E15: 25016.73 | F15: 28456.1 | G15: =(E15-F15)/F15 -> -0.12086582 | H15: n_estimators | I15: 100 | J15: 3965.62 | K15: 4109.31 | L15: =(J15-K15)/K15 -> -0.034966941 | M15: n_estimators | N15: 100 | O15: 1858.97 | P15: 1988.5 | Q15: =(O15-P15)/P15 -> -0.065139552 | R15: n_estimators | S15: 100 | T15: 1.0681 | U15: 1.0839 | V15: =(T15-U15)/U15 -> -0.01457699 | W15: 2023 | X15: 1'Abril'23 | Y15: n_estimators | Z15: 100 | AA15: mom_21 | AB15: . | AC15: 19148.39 | AD15: 28456.1 | AE15: =(AC15-AD15)/AD15 -> -0.32709015 | AF15: n_estimators | AG15: 100 | AH15: vol_ratio | AI15: . | AJ15: 3876.78 | AK15: 4109.31 | AL15: =(AJ15-AK15)/AK15 -> -0.056586142 | AM15: n_estimators | AN15: 100 | AO15: mom_5 | AP15: vol_5 | AQ15: 1864.83 | AR15: 1988.5 | AS15: =(AQ15-AR15)/AR15 -> -0.062192607 | AT15: n_estimators | AU15: 100 | AV15: dow | AW15: . | AX15: 1.0746 | AY15: 1.0839 | AZ15: =(AX15-AY15)/AY15 -> -0.0085801273 | BB15: #5 feature | BC15: vol_5 | BD15: ma_gap_21 | BE15: ma_gap_21 | BF15: lag_21
B16: 1'Julho'23 | C16: max_depth | D16: 4 | E16: 28295.6 | F16: 30586.8 | G16: =(E16-F16)/F16 -> -0.07490813 | H16: max_depth | I16: 2 | J16: 4236.68 | K16: 4450.38 | L16: =(J16-K16)/K16 -> -0.048018371 | M16: max_depth | N16: 2 | O16: 2000.12 | P16: 1917.9 | Q16: =(O16-P16)/P16 -> 0.042869806 | R16: max_depth | S16: 2 | T16: 1.0778 | U16: 1.091 | V16: =(T16-U16)/U16 -> -0.012098992 | X16: 1'Julho'23 | Y16: max_depth | Z16: 4 | AA16: lag_1 | AB16: . | AC16: 22201.58 | AD16: 30586.8 | AE16: =(AC16-AD16)/AD16 -> -0.27414506 | AF16: max_depth | AG16: 2 | AH16: lag_2 | AI16: . | AJ16: 3914.52 | AK16: 4450.38 | AL16: =(AJ16-AK16)/AK16 -> -0.1204077 | AM16: max_depth | AN16: 2 | AO16: lag_2 | AP16: vol_21 | AQ16: 1905.65 | AR16: 1917.9 | AS16: =(AQ16-AR16)/AR16 -> -0.0063871943 | AT16: max_depth | AU16: 2 | AV16: mom_21 | AW16: . | AX16: 1.0792 | AY16: 1.091 | AZ16: =(AX16-AY16)/AY16 -> -0.010815765
B17: 1'Outubro'23 | C17: learn_rate | D17: 0.01 | E17: 27152.07 | F17: 27974.5 | G17: =(E17-F17)/F17 -> -0.029399274 | H17: learn_rate | I17: 0.008 | J17: 4533.73 | K17: 4288.05 | L17: =(J17-K17)/K17 -> 0.057294108 | M17: learn_rate | N17: 0.008 | O17: 1958.68 | P17: 1869.5 | Q17: =(O17-P17)/P17 -> 0.047702594 | R17: learn_rate | S17: 0.008 | T17: 1.079 | U17: 1.057 | V17: =(T17-U17)/U17 -> 0.020813623 | X17: 1'Outubro'23 | Y17: learn_rate | Z17: 0.01 | AA17: ma_gap_21 | AB17: . | AC17: 25783.48 | AD17: 27974.5 | AE17: =(AC17-AD17)/AD17 -> -0.078322043 | AF17: learn_rate | AG17: 0.008 | AH17: dow | AI17: . | AJ17: 3953.04 | AK17: 4288.05 | AL17: =(AJ17-AK17)/AK17 -> -0.078126421 | AM17: learn_rate | AN17: 0.008 | AO17: lag_5 | AP17: . | AQ17: 1947.85 | AR17: 1869.5 | AS17: =(AQ17-AR17)/AR17 -> 0.041909601 | AT17: learn_rate | AU17: 0.008 | AV17: lag_21 | AW17: . | AX17: 1.0838 | AY17: 1.057 | AZ17: =(AX17-AY17)/AY17 -> 0.025354778
B18: 1'Janeiro'24 | C18: MAE | D18: 0.028482 | E18: 40873.75 | F18: 44183.4 | G18: =(E18-F18)/F18 -> -0.074907092 | H18: MAE | I18: 0.005439 | J18: 4613.95 | K18: 4769.83 | L18: =(J18-K18)/K18 -> -0.03268041 | M18: MAE | N18: 0.005505 | O18: 2063.95 | P18: 2083.5 | Q18: =(O18-P18)/P18 -> -0.0093832493 | R18: MAE | S18: 0.003062 | T18: 1.0906 | U18: 1.1044 | V18: =(T18-U18)/U18 -> -0.012495473 | X18: 1'Janeiro'24 | Y18: MAE | Z18: 0.028482 | AA18: lag_3 | AB18: . | AC18: 29943.27 | AD18: 44183.4 | AE18: =(AC18-AD18)/AD18 -> -0.32229593 | AF18: MAE | AG18: 0.005439 | AH18: mom_5 | AI18: . | AJ18: 3991.94 | AK18: 4769.83 | AL18: =(AJ18-AK18)/AK18 -> -0.16308548 | AM18: MAE | AN18: 0.005505 | AO18: lag_21 | AP18: . | AQ18: 1990.98 | AR18: 2083.5 | AS18: =(AQ18-AR18)/AR18 -> -0.044406048 | AT18: MAE | AU18: 0.003062 | AV18: . | AW18: . | AX18: 1.0885 | AY18: 1.1044 | AZ18: =(AX18-AY18)/AY18 -> -0.014396958
A19: 2024 | B19: 1'Abril'24 | C19: n_estimators | D19: 100 | E19: 66763.94 | F19: 69664.4 | G19: =(E19-F19)/F19 -> -0.041634752 | H19: n_estimators | I19: 100 | J19: 5160.45 | K19: 5243.77 | L19: =(J19-K19)/K19 -> -0.015889332 | M19: n_estimators | N19: 100 | O19: 2068.51 | P19: 2245.9 | Q19: =(O19-P19)/P19 -> -0.078983926 | R19: n_estimators | S19: 100 | T19: 1.0852 | U19: 1.0743 | V19: =(T19-U19)/U19 -> 0.010146142 | W19: 2024 | X19: 1'Abril'24 | Y19: n_estimators | Z19: 100 | AA19: mom_21 | AB19: lag_3 | AC19: 49610.31 | AD19: 69664.4 | AE19: =(AC19-AD19)/AD19 -> -0.28786712 | AF19: n_estimators | AG19: 100 | AH19: dow | AI19: . | AJ19: 4828.43 | AK19: 5243.77 | AL19: =(AJ19-AK19)/AK19 -> -0.079206373 | AM19: n_estimators | AN19: 100 | AO19: mom_5 | AP19: lag_21 | AQ19: 2132.18 | AR19: 2245.9 | AS19: =(AQ19-AR19)/AR19 -> -0.05063449 | AT19: n_estimators | AU19: 100 | AV19: dow | AW19: . | AX19: 1.1107 | AY19: 1.0743 | AZ19: =(AX19-AY19)/AY19 -> 0.033882528
B20: 1'Julho'24 | C20: max_depth | D20: 4 | E20: 71420.88 | F20: 62890.1 | G20: =(E20-F20)/F20 -> 0.13564583 | H20: max_depth | I20: 2 | J20: 5301.01 | K20: 5475.09 | L20: =(J20-K20)/K20 -> -0.031794911 | M20: max_depth | N20: 2 | O20: 2371.3 | P20: 2338.9 | Q20: =(O20-P20)/P20 -> 0.013852666 | R20: max_depth | S20: 2 | T20: 1.0858 | U20: 1.0738 | V20: =(T20-U20)/U20 -> 0.011175265 | X20: 1'Julho'24 | Y20: max_depth | Z20: 4 | AA20: ma_gap_21 | AB20: . | AC20: 58152.12 | AD20: 62890.1 | AE20: =(AC20-AD20)/AD20 -> -0.075337454 | AF20: max_depth | AG20: 2 | AH20: vol_ratio | AI20: . | AJ20: 4887.11 | AK20: 5475.09 | AL20: =(AJ20-AK20)/AK20 -> -0.10739184 | AM20: max_depth | AN20: 2 | AO20: ma_gap_21 | AP20: . | AQ20: 2183.41 | AR20: 2338.9 | AS20: =(AQ20-AR20)/AR20 -> -0.066479969 | AT20: max_depth | AU20: 2 | AV20: mom_21 | AW20: . | AX20: 1.1176 | AY20: 1.0738 | AZ20: =(AX20-AY20)/AY20 -> 0.040789719
B21: 1'Outubro'24 | C21: learn_rate | D21: 0.01 | E21: 60297.56 | F21: 60835.5 | G21: =(E21-F21)/F21 -> -0.0088425344 | H21: learn_rate | I21: 0.008 | J21: 5674.67 | K21: 5708.75 | L21: =(J21-K21)/K21 -> -0.0059697832 | M21: learn_rate | N21: 0.008 | O21: 2554.55 | P21: 2678.5 | Q21: =(O21-P21)/P21 -> -0.046275901 | R21: learn_rate | S21: 0.008 | T21: 1.1063 | U21: 1.1067 | V21: =(T21-U21)/U21 -> -0.0003614349 | X21: 1'Outubro'24 | Y21: learn_rate | Z21: 0.01 | AA21: lag_5 | AB21: . | AC21: 68283.75 | AD21: 60835.5 | AE21: =(AC21-AD21)/AD21 -> 0.12243263 | AF21: learn_rate | AG21: 0.008 | AH21: lag_2 | AI21: . | AJ21: 4947.15 | AK21: 5708.75 | AL21: =(AJ21-AK21)/AK21 -> -0.13340924 | AM21: learn_rate | AN21: 0.008 | AO21: vol_5 | AP21: . | AQ21: 2236.55 | AR21: 2678.5 | AS21: =(AQ21-AR21)/AR21 -> -0.16499907 | AT21: learn_rate | AU21: 0.008 | AV21: lag_10 | AW21: . | AX21: 1.1247 | AY21: 1.1067 | AZ21: =(AX21-AY21)/AY21 -> 0.01626457
B22: 1'Janeiro'25 | C22: MAE | D22: 0.027523 | E22: 103214.83 | F22: 94560.2 | G22: =(E22-F22)/F22 -> 0.091525081 | H22: MAE | I22: 0.005401 | J22: 6062.39 | K22: 5881.63 | L22: =(J22-K22)/K22 -> 0.030732977 | M22: MAE | N22: 0.005447 | O22: 2672.8 | P22: 2618.1 | Q22: =(O22-P22)/P22 -> 0.020893014 | R22: MAE | S22: 0.003035 | T22: 1.0589 | U22: 1.0355 | V22: =(T22-U22)/U22 -> 0.022597779 | X22: 1'Janeiro'25 | Y22: MAE | Z22: 0.027523 | AA22: lag_1 | AB22: . | AC22: 80180.58 | AD22: 94560.2 | AE22: =(AC22-AD22)/AD22 -> -0.15206842 | AF22: MAE | AG22: 0.005401 | AH22: mom_5 | AI22: . | AJ22: 5007.93 | AK22: 5881.63 | AL22: =(AJ22-AK22)/AK22 -> -0.14854726 | AM22: MAE | AN22: 0.005447 | AO22: lag_5 | AP22: . | AQ22: 2290.97 | AR22: 2618.1 | AS22: =(AQ22-AR22)/AR22 -> -0.12494939 | AT22: MAE | AU22: 0.003035 | AV22: . | AW22: . | AX22: 1.1319 | AY22: 1.0355 | AZ22: =(AX22-AY22)/AY22 -> 0.093095123
A23: 2025 | B23: 1'Abril'25 | C23: n_estimators | D23: 100 | E23: 91074.52 | F23: 85164.2 | G23: =(E23-F23)/F23 -> 0.069399114 | H23: n_estimators | I23: 100 | J23: 5981.61 | K23: 5633.07 | L23: =(J23-K23)/K23 -> 0.061873898 | M23: n_estimators | N23: 100 | O23: 2919.71 | P23: 3146 | Q23: =(O23-P23)/P23 -> -0.071929434 | R23: n_estimators | S23: 100 | T23: 1.039 | U23: 1.0793 | V23: =(T23-U23)/U23 -> -0.037339016 | W23: 2025 | X23: 1'Abril'25 | Y23: n_estimators | Z23: 100 | AA23: lag_5 | AB23: mom_21 | AC23: 110255.56 | AD23: 85164.2 | AE23: =(AC23-AD23)/AD23 -> 0.29462333 | AF23: n_estimators | AG23: 100 | AH23: lag_2 | AI23: ma_gap_21 | AJ23: 5956.01 | AK23: 5633.07 | AL23: =(AJ23-AK23)/AK23 -> 0.057329307 | AM23: n_estimators | AN23: 100 | AO23: is_filled | AP23: . | AQ23: 2680.79 | AR23: 3146 | AS23: =(AQ23-AR23)/AR23 -> -0.14787349 | AT23: n_estimators | AU23: 100 | AV23: dow | AW23: . | AX23: 1.0391 | AY23: 1.0793 | AZ23: =(AX23-AY23)/AY23 -> -0.037246363
B24: 1'Julho'25 | C24: max_depth | D24: 4 | E24: 111325.77 | F24: 105694.3 | G24: =(E24-F24)/F24 -> 0.053280735 | H24: max_depth | I24: 2 | J24: 5935.29 | K24: 6198.01 | L24: =(J24-K24)/K24 -> -0.042387799 | M24: max_depth | N24: 2 | O24: 3363.87 | P24: 3349.8 | Q24: =(O24-P24)/P24 -> 0.0042002508 | R24: max_depth | S24: 2 | T24: 1.1365 | U24: 1.1807 | V24: =(T24-U24)/U24 -> -0.03743542 | X24: 1'Julho'25 | Y24: max_depth | Z24: 4 | AA24: lag_3 | AB24: . | AC24: 129987.97 | AD24: 105694.3 | AE24: =(AC24-AD24)/AD24 -> 0.22984844 | AF24: max_depth | AG24: 2 | AH24: vol_ratio | AI24: lag_1 | AJ24: 6031.33 | AK24: 6198.01 | AL24: =(AJ24-AK24)/AK24 -> -0.026892503 | AM24: max_depth | AN24: 2 | AO24: mom_5 | AP24: . | AQ24: 2747.43 | AR24: 3349.8 | AS24: =(AQ24-AR24)/AR24 -> -0.17982268 | AT24: max_depth | AU24: 2 | AV24: lag_10 | AW24: . | AX24: 1.0429 | AY24: 1.1807 | AZ24: =(AX24-AY24)/AY24 -> -0.11671043
B25: 1'Outubro'25 | C25: learn_rate | D25: 0.01 | E25: 115706.97 | F25: 118576.2 | G25: =(E25-F25)/F25 -> -0.024197352 | H25: learn_rate | I25: 0.008 | J25: 6488.58 | K25: 6711.2 | L25: =(J25-K25)/K25 -> -0.033171415 | M25: learn_rate | N25: 0.008 | O25: 3530.58 | P25: 3897.5 | Q25: =(O25-P25)/P25 -> -0.094142399 | R25: learn_rate | S25: 0.008 | T25: 1.1731 | U25: 1.173 | V25: =(T25-U25)/U25 -> 8.5251492e-05 | X25: 1'Outubro'25 | Y25: learn_rate | Z25: 0.01 | AA25: ma_gap_21 | AB25: . | AC25: 153529.4 | AD25: 118576.2 | AE25: =(AC25-AD25)/AD25 -> 0.29477416 | AF25: learn_rate | AG25: 0.008 | AH25: lag_3 | AI25: . | AJ25: 6108.44 | AK25: 6711.2 | AL25: =(AJ25-AK25)/AK25 -> -0.089814042 | AM25: learn_rate | AN25: 0.008 | AO25: vol_5 | AP25: . | AQ25: 2816.46 | AR25: 3897.5 | AS25: =(AQ25-AR25)/AR25 -> -0.27736754 | AT25: learn_rate | AU25: 0.008 | AV25: lag_21 | AW25: . | AX25: 1.0468 | AY25: 1.173 | AZ25: =(AX25-AY25)/AY25 -> -0.10758738
B26: 1'Janeiro'26 | C26: MAE | D26: 0.027147 | E26: 91013.33 | F26: 88812.1 | G26: =(E26-F26)/F26 -> 0.024785249 | H26: MAE | I26: 0.00535 | J26: 6843.96 | K26: 6845.5 | L26: =(J26-K26)/K26 -> -0.00022496531 | M26: MAE | N26: 0.005395 | O26: 4305.95 | P26: 4361.55 | Q26: =(O26-P26)/P26 -> -0.012747762 | R26: MAE | S26: 0.002971 | T26: 1.1632 | U26: 1.1746 | V26: =(T26-U26)/U26 -> -0.0097054316 | X26: 1'Janeiro'26 | Y26: MAE | Z26: 0.027147 | AA26: lag_1 | AB26: . | AC26: 181334.3 | AD26: 88812.1 | AE26: =(AC26-AD26)/AD26 -> 1.0417747 | AF26: MAE | AG26: 0.00535 | AH26: mom_21 | AI26: . | AJ26: 6186.54 | AK26: 6845.5 | AL26: =(AJ26-AK26)/AK26 -> -0.096261778 | AM26: MAE | AN26: 0.005395 | AO26: . | AP26: . | AQ26: 2887.37 | AR26: 4361.55 | AS26: =(AQ26-AR26)/AR26 -> -0.33799452 | AT26: MAE | AU26: 0.002971 | AV26: vol_ratio | AW26: . | AX26: 1.0506 | AY26: 1.1746 | AZ26: =(AX26-AY26)/AY26 -> -0.10556785
A27: 2026 | B27: 1'Abril'26 | C27: n_estimators | G27: =(E27-F27)/F27 -> #DIV/0! | H27: n_estimators | I27: 100 | L27: =(J27-K27)/K27 -> #DIV/0! | M27: n_estimators | Q27: =(O27-P27)/P27 -> #DIV/0! | R27: n_estimators | V27: =(T27-U27)/U27 -> #DIV/0! | W27: 2026 | X27: 1'Abril'26 | Y27: n_estimators | AE27: =(AC27-AD27)/AD27 -> #DIV/0! | AF27: n_estimators | AL27: =(AJ27-AK27)/AK27 -> #DIV/0! | AM27: n_estimators | AS27: =(AQ27-AR27)/AR27 -> #DIV/0! | AT27: n_estimators | AZ27: =(AX27-AY27)/AY27 -> #DIV/0!
B28: 1'Julho'26 | C28: max_depth | G28: =(E28-F28)/F28 -> #DIV/0! | H28: max_depth | I28: 2 | L28: =(J28-K28)/K28 -> #DIV/0! | M28: max_depth | Q28: =(O28-P28)/P28 -> #DIV/0! | R28: max_depth | V28: =(T28-U28)/U28 -> #DIV/0! | X28: 1'Julho'26 | Y28: max_depth | AE28: =(AC28-AD28)/AD28 -> #DIV/0! | AF28: max_depth | AL28: =(AJ28-AK28)/AK28 -> #DIV/0! | AM28: max_depth | AS28: =(AQ28-AR28)/AR28 -> #DIV/0! | AT28: max_depth | AZ28: =(AX28-AY28)/AY28 -> #DIV/0!
B29: 1'Outubro'26 | C29: learn_rate | G29: =(E29-F29)/F29 -> #DIV/0! | H29: learn_rate | I29: 0.01 | L29: =(J29-K29)/K29 -> #DIV/0! | M29: learn_rate | Q29: =(O29-P29)/P29 -> #DIV/0! | R29: learn_rate | V29: =(T29-U29)/U29 -> #DIV/0! | X29: 1'Outubro'26 | Y29: learn_rate | AE29: =(AC29-AD29)/AD29 -> #DIV/0! | AF29: learn_rate | AL29: =(AJ29-AK29)/AK29 -> #DIV/0! | AM29: learn_rate | AS29: =(AQ29-AR29)/AR29 -> #DIV/0! | AT29: learn_rate | AZ29: =(AX29-AY29)/AY29 -> #DIV/0!
B30: 1'Janeiro'27 | C30: MAE | G30: =(E30-F30)/F30 -> #DIV/0! | H30: MAE | I30: 0.005112 | L30: =(J30-K30)/K30 -> #DIV/0! | M30: MAE | Q30: =(O30-P30)/P30 -> #DIV/0! | R30: MAE | V30: =(T30-U30)/U30 -> #DIV/0! | X30: 1'Janeiro'27 | Y30: MAE | AE30: =(AC30-AD30)/AD30 -> #DIV/0! | AF30: MAE | AL30: =(AJ30-AK30)/AK30 -> #DIV/0! | AM30: MAE | AS30: =(AQ30-AR30)/AR30 -> #DIV/0! | AT30: MAE | AZ30: =(AX30-AY30)/AY30 -> #DIV/0!
F31: AVG(ABS) | G31: {=AVERAGE(ABS(G3:G26))} -> 0.13992101 | K31: AVG(ABS) | L31: {=AVERAGE(ABS(L3:L26))} -> 0.046815343 | P31: AVG(ABS) | Q31: {=AVERAGE(ABS(Q3:Q26))} -> 0.033684125 | U31: AVG(ABS) | V31: {=AVERAGE(ABS(V3:V26))} -> 0.015684044 | AD31: AVG(ABS) | AE31: {=AVERAGE(ABS(AE3:AE26))} -> 0.78659072 | AK31: AVG(ABS) | AL31: {=AVERAGE(ABS(AL3:AL26))} -> 0.13106221 | AR31: AVG(ABS) | AS31: {=AVERAGE(ABS(AS3:AS26))} -> 0.11846857 | AY31: AVG(ABS) | AZ31: {=AVERAGE(ABS(AZ3:AZ26))} -> 0.056554424
AA33: FEATURES | AB33: COUNT | AH33: FEATURES | AI33: COUNT | AO33: FEATURES | AP33: COUNT | AV33: FEATURES | AW33: COUNT | BB33: FEATURES COUNT ALL
AA34: mom_21 | AB34: 6 | AH34: lag_2 | AI34: 6 | AO34: mom_5 | AP34: 6 | AV34: dow | AW34: 5 | BB34: mom_21 | BC34: 11
AA35: lag_1 | AB35: 6 | AH35: vol_ratio | AI35: 5 | AO35: vol_5 | AP35: 6 | AV35: lag_21 | AW35: 3 | BB35: lag_5 | BC35: 11
AA36: lag_3 | AB36: 4 | AH36: ma_gap_21 | AI36: 3 | AO36: lag_5 | AP36: 5 | AV36: vol_21 | AW36: 3 | BB36: lag_21 | BC36: 10
AA37: ma_gap_21 | AB37: 4 | AH37: dow | AI37: 3 | AO37: lag_21 | AP37: 4 | AV37: mom_21 | AW37: 3 | BB37: lag_1 | BC37: 10
AA38: lag_5 | AB38: 3 | AH38: lag_1 | AI38: 3 | AO38: lag_2 | AP38: 2 | AV38: lag_10 | AW38: 2 | BB38: ma_gap_21 | BC38: 8
AA39: lag_21 | AB39: 2 | AH39: lag_3 | AI39: 3 | AO39: ma_gap_21 | AP39: 1 | AV39: lag_5 | AW39: 1 | BB39: dow | BC39: 8
AA40: lag_10 | AB40: 2 | AH40: mom_5 | AI40: 2 | AO40: vol_21 | AP40: 1 | AV40: vol_ratio | AW40: 1 | BB40: mom_5 | BC40: 8
AA41: vol_5 | AB41: 1 | AH41: mom_21 | AI41: 2 | AO41: is_filled | AP41: 1 | BB41: vol_5 | BC41: 8
AH42: lag_5 | AI42: 2 | AO42: lag_1 | AP42: 1 | BB42: lag_2 | BC42: 8
AH43: lag_10 | AI43: 1 | BB43: lag_3 | BC43: 7
AH44: lag_21 | AI44: 1 | BB44: vol_ratio | BC44: 6
AH45: vol_5 | AI45: 1 | BB45: vol_21 | BC45: 5
AH46: vol_21 | AI46: 1 | BB46: lag_10 | BC46: 5
BB47: is_filled | BC47: 1

Sheet RNN
A1: Monthly Model | C1: Bitcoin | H1: S&P 500 | M1: Gold | R1: EUR/USD | W1: Static Model | Y1: Bitcoin | AD1: S&P 500 | AI1: Gold | AN1: EUR/USD
A2: Ano previsto | C2: Parâmetros | E2: Forecast | F2: Real | G2: Erro | H2: Parâmetros | J2: Forecast | K2: Real | L2: Erro | M2: Parâmetros | O2: Forecast | P2: Real | Q2: Erro | R2: Parâmetros | T2: Forecast | U2: Real | V2: Erro | W2: Ano previsto | Y2: Parâmetros | AA2: Forecast | AB2: Real | AC2: Erro | AD2: Parâmetros | AF2: Forecast | AG2: Real | AH2: Erro | AI2: Parâmetros | AK2: Forecast | AL2: Real | AM2: Erro | AN2: Parâmetros | AP2: Forecast | AQ2: Real | AR2: Erro
A3: 2020 | B3: 1'Abril'20 | C3: seq_len | D3: 40 | E3: 7546.54 | F3: 6638.5 | G3: =(E3-F3)/F3 -> 0.13678391 | H3: seq_len | I3: 40 | J3: 2961.21 | K3: 2470.5 | L3: =(J3-K3)/K3 -> 0.19862781 | M3: seq_len | N3: 40 | O3: 1585.48 | P3: 1584.1 | Q3: =(O3-P3)/P3 -> 0.00087115712 | R3: seq_len | S3: 20 | T3: 1.1064 | U3: 1.0962 | V3: =(T3-U3)/U3 -> 0.0093048714 | W3: 2020 | X3: 1'Abril'20 | Y3: seq_len | Z3: 40 | AA3: 7611.21 | AB3: 6638.5 | AC3: =(AA3-AB3)/AB3 -> 0.14652557 | AD3: seq_len | AE3: 40 | AF3: 3233.55 | AG3: 2470.5 | AH3: =(AF3-AG3)/AG3 -> 0.3088646 | AI3: seq_len | AJ3: 40 | AK3: 1567.21 | AL3: 1584.1 | AM3: =(AK3-AL3)/AL3 -> -0.010662206 | AN3: seq_len | AO3: 20 | AP3: 1.1266 | AQ3: 1.0962 | AR3: =(AP3-AQ3)/AQ3 -> 0.027732166 | AT3: RNN - LONG RUN 2020-2025
B4: 1'Julho'20 | C4: hidden_size | D4: 32 | E4: 10675.7 | F4: 9229.9 | G4: =(E4-F4)/F4 -> 0.15664308 | H4: hidden_size | I4: 64 | J4: 3075.03 | K4: 3115.9 | L4: =(J4-K4)/K4 -> -0.013116596 | M4: hidden_size | N4: 64 | O4: 1764.69 | P4: 1779.9 | Q4: =(O4-P4)/P4 -> -0.0085454239 | R4: hidden_size | S4: 32 | T4: 1.1163 | U4: 1.125 | V4: =(T4-U4)/U4 -> -0.0077333333 | X4: 1'Julho'20 | Y4: hidden_size | Z4: 32 | AA4: 8058.64 | AB4: 9229.9 | AC4: =(AA4-AB4)/AB4 -> -0.12689845 | AD4: hidden_size | AE4: 64 | AF4: 3237.08 | AG4: 3115.9 | AH4: =(AF4-AG4)/AG4 -> 0.03889085 | AI4: hidden_size | AJ4: 64 | AK4: 1610.85 | AL4: 1779.9 | AM4: =(AK4-AL4)/AL4 -> -0.094977246 | AN4: hidden_size | AO4: 32 | AP4: 1.1312 | AQ4: 1.125 | AR4: =(AP4-AQ4)/AQ4 -> 0.0055111111 | AT4: ASSET | AU4: Bitcoin | AV4: S&P 500 | AW4: Gold | AX4: EUR/USD
B5: 1'Outubro'20 | C5: num_layers | D5: 3 | E5: 11056.73 | F5: 10620.5 | G5: =(E5-F5)/F5 -> 0.041074337 | H5: num_layers | I5: 3 | J5: 3542.38 | K5: 3380.8 | L5: =(J5-K5)/K5 -> 0.047793422 | M5: num_layers | N5: 2 | O5: 1982.35 | P5: 1912.3 | Q5: =(O5-P5)/P5 -> 0.036631282 | R5: num_layers | S5: 3 | T5: 1.1947 | U5: 1.1747 | V5: =(T5-U5)/U5 -> 0.017025624 | X5: 1'Outubro'20 | Y5: num_layers | Z5: 3 | AA5: 8624.77 | AB5: 10620.5 | AC5: =(AA5-AB5)/AB5 -> -0.187913 | AD5: num_layers | AE5: 3 | AF5: 3240.66 | AG5: 3380.8 | AH5: =(AF5-AG5)/AG5 -> -0.041451727 | AI5: num_layers | AJ5: 2 | AK5: 1656.84 | AL5: 1912.3 | AM5: =(AK5-AL5)/AL5 -> -0.13358783 | AN5: num_layers | AO5: 3 | AP5: 1.1356 | AQ5: 1.1747 | AR5: =(AP5-AQ5)/AQ5 -> -0.033285094 | AT5: Jan 1st, 2026 | AU5: 88812.1 | AV5: 6845.5 | AW5: 4361.55 | AX5: 1.1746
B6: 1'Janeiro'21 | C6: MAE | D6: 0.023336 | E6: 20014.71 | F6: 29359.9 | G6: =(E6-F6)/F6 -> -0.31829775 | H6: MAE | I6: 0.003718 | J6: 3714.64 | K6: 3756.1 | L6: =(J6-K6)/K6 -> -0.011038045 | M6: MAE | N6: 0.003176 | O6: 1839.52 | P6: 1895.1 | Q6: =(O6-P6)/P6 -> -0.029328268 | R6: MAE | S6: 0.002257 | T6: 1.2063 | U6: 1.2213 | V6: =(T6-U6)/U6 -> -0.012281995 | X6: 1'Janeiro'21 | Y6: MAE | Z6: 0.023336 | AA6: 9302.12 | AB6: 29359.9 | AC6: =(AA6-AB6)/AB6 -> -0.68316922 | AD6: MAE | AE6: 0.003718 | AF6: 3244.23 | AG6: 3756.1 | AH6: =(AF6-AG6)/AG6 -> -0.13627699 | AI6: MAE | AJ6: 0.003176 | AK6: 1701.59 | AL6: 1895.1 | AM6: =(AK6-AL6)/AL6 -> -0.10211071 | AN6: MAE | AO6: 0.002257 | AP6: 1.1398 | AQ6: 1.2213 | AR6: =(AP6-AQ6)/AQ6 -> -0.066732171 | AT6: Forecast | AU6: 41325.33 | AV6: 3316.06 | AW6: 2959.86 | AX6: 1.224
A7: 2021 | B7: 1'Abril'21 | C7: seq_len | D7: 20 | E7: 49983.6 | F7: 58718.3 | G7: =(E7-F7)/F7 -> -0.14875601 | H7: seq_len | I7: 40 | J7: 3911.15 | K7: 4019.9 | L7: =(J7-K7)/K7 -> -0.027052912 | M7: seq_len | N7: 20 | O7: 1746.51 | P7: 1727.3 | Q7: =(O7-P7)/P7 -> 0.011121403 | R7: seq_len | S7: 40 | T7: 1.2063 | U7: 1.1775 | V7: =(T7-U7)/U7 -> 0.024458599 | W7: 2021 | X7: 1'Abril'21 | Y7: seq_len | Z7: 20 | AA7: 72593.62 | AB7: 58718.3 | AC7: =(AA7-AB7)/AB7 -> 0.23630316 | AD7: seq_len | AE7: 40 | AF7: 3829.2 | AG7: 4019.9 | AH7: =(AF7-AG7)/AG7 -> -0.047438991 | AI7: seq_len | AJ7: 20 | AK7: 1902.39 | AL7: 1727.3 | AM7: =(AK7-AL7)/AL7 -> 0.10136629 | AN7: seq_len | AO7: 40 | AP7: 1.2319 | AQ7: 1.1775 | AR7: =(AP7-AQ7)/AQ7 -> 0.046199575 | AT7: Erro | AU7: =(AU6-AU5)/AU5 -> -0.53468807 | AV7: =(AV6-AV5)/AV5 -> -0.51558542 | AW7: =(AW6-AW5)/AW5 -> -0.32137428 | AX7: =(AX6-AX5)/AX5 -> 0.04205687
B8: 1'Julho'21 | C8: hidden_size | D8: 64 | E8: 35583.84 | F8: 33543.6 | G8: =(E8-F8)/F8 -> 0.060823525 | H8: hidden_size | I8: 64 | J8: 4222.15 | K8: 4319.9 | L8: =(J8-K8)/K8 -> -0.022627839 | M8: hidden_size | N8: 32 | O8: 1914.35 | P8: 1776.8 | Q8: =(O8-P8)/P8 -> 0.077414453 | R8: hidden_size | S8: 64 | T8: 1.2237 | U8: 1.1848 | V8: =(T8-U8)/U8 -> 0.032832546 | X8: 1'Julho'21 | Y8: hidden_size | Z8: 64 | AA8: 91988.49 | AB8: 33543.6 | AC8: =(AA8-AB8)/AB8 -> 1.7423559 | AD8: hidden_size | AE8: 64 | AF8: 3901.46 | AG8: 4319.9 | AH8: =(AF8-AG8)/AG8 -> -0.096863353 | AI8: hidden_size | AJ8: 32 | AK8: 1905.61 | AL8: 1776.8 | AM8: =(AK8-AL8)/AL8 -> 0.072495498 | AN8: hidden_size | AO8: 64 | AP8: 1.2422 | AQ8: 1.1848 | AR8: =(AP8-AQ8)/AQ8 -> 0.048446995 | AT8: seq_len | AU8: 40 | AV8: 40 | AW8: 40 | AX8: 20
B9: 1'Outubro'21 | C9: num_layers | D9: 2 | E9: 47786.31 | F9: 48146 | G9: =(E9-F9)/F9 -> -0.0074708179 | H9: num_layers | I9: 3 | J9: 4532.18 | K9: 4357 | L9: =(J9-K9)/K9 -> 0.040206564 | M9: num_layers | N9: 3 | O9: 1844.07 | P9: 1757.7 | Q9: =(O9-P9)/P9 -> 0.049138078 | R9: num_layers | S9: 3 | T9: 1.1855 | U9: 1.1594 | V9: =(T9-U9)/U9 -> 0.022511644 | X9: 1'Outubro'21 | Y9: num_layers | Z9: 2 | AA9: 112500.61 | AB9: 48146 | AC9: =(AA9-AB9)/AB9 -> 1.3366554 | AD9: num_layers | AE9: 3 | AF9: 3975.5 | AG9: 4357 | AH9: =(AF9-AG9)/AG9 -> -0.087560248 | AI9: num_layers | AJ9: 3 | AK9: 1908.1 | AL9: 1757.7 | AM9: =(AK9-AL9)/AL9 -> 0.085566365 | AN9: num_layers | AO9: 3 | AP9: 1.2528 | AQ9: 1.1594 | AR9: =(AP9-AQ9)/AQ9 -> 0.08055891 | AT9: hidden_size | AU9: 32 | AV9: 64 | AW9: 64 | AX9: 32
B10: 1'Janeiro'22 | C10: MAE | D10: 0.024951 | E10: 54492.98 | F10: 47738 | G10: =(E10-F10)/F10 -> 0.14150111 | H10: MAE | I10: 0.005975 | J10: 4545.44 | K10: 4766.2 | L10: =(J10-K10)/K10 -> -0.046317821 | M10: MAE | N10: 0.004205 | O10: 1793.12 | P10: 1828.6 | Q10: =(O10-P10)/P10 -> -0.019402822 | R10: MAE | S10: 0.002271 | T10: 1.1306 | U10: 1.1368 | V10: =(T10-U10)/U10 -> -0.0054539057 | X10: 1'Janeiro'22 | Y10: MAE | Z10: 0.024951 | AA10: 137480.32 | AB10: 47738 | AC10: =(AA10-AB10)/AB10 -> 1.8798927 | AD10: MAE | AE10: 0.005975 | AF10: 4050.87 | AG10: 4766.2 | AH10: =(AF10-AG10)/AG10 -> -0.15008392 | AI10: MAE | AJ10: 0.004205 | AK10: 1910.22 | AL10: 1828.6 | AM10: =(AK10-AL10)/AL10 -> 0.04463524 | AN10: MAE | AO10: 0.002271 | AP10: 1.2633 | AQ10: 1.1368 | AR10: =(AP10-AQ10)/AQ10 -> 0.11127727 | AT10: num_layers | AU10: 3 | AV10: 3 | AW10: 2 | AX10: 3
A11: 2022 | B11: 1'Abril'22 | C11: seq_len | D11: 20 | E11: 51340.02 | F11: 46297 | G11: =(E11-F11)/F11 -> 0.10892758 | H11: seq_len | I11: 20 | J11: 4339.31 | K11: 4545.86 | L11: =(J11-K11)/K11 -> -0.045436947 | M11: seq_len | N11: 40 | O11: 1981 | P11: 1951.1 | Q11: =(O11-P11)/P11 -> 0.015324689 | R11: seq_len | S11: 40 | T11: 1.1155 | U11: 1.1053 | V11: =(T11-U11)/U11 -> 0.0092282638 | W11: 2022 | X11: 1'Abril'22 | Y11: seq_len | Z11: 20 | AA11: 55472.66 | AB11: 46297 | AC11: =(AA11-AB11)/AB11 -> 0.19819124 | AD11: seq_len | AE11: 20 | AF11: 4869.16 | AG11: 4545.86 | AH11: =(AF11-AG11)/AG11 -> 0.071119656 | AI11: seq_len | AJ11: 40 | AK11: 1834.55 | AL11: 1951.1 | AM11: =(AK11-AL11)/AL11 -> -0.059735534 | AN11: seq_len | AO11: 40 | AP11: 1.1401 | AQ11: 1.1053 | AR11: =(AP11-AQ11)/AQ11 -> 0.031484665 | AT11: learning_rate | AU11: 0.001 | AV11: 0.001 | AW11: 0.001 | AX11: 0.001
B12: 1'Julho'22 | C12: hidden_size | D12: 64 | E12: 32065.83 | F12: 19262.9 | G12: =(E12-F12)/F12 -> 0.66464188 | H12: hidden_size | I12: 64 | J12: 4140.85 | K12: 3825.33 | L12: =(J12-K12)/K12 -> 0.082481773 | M12: hidden_size | N12: 64 | O12: 1874.62 | P12: 1807.3 | Q12: =(O12-P12)/P12 -> 0.037248935 | R12: hidden_size | S12: 32 | T12: 1.0658 | U12: 1.0428 | V12: =(T12-U12)/U12 -> 0.022056003 | X12: 1'Julho'22 | Y12: hidden_size | Z12: 64 | AA12: 69800.64 | AB12: 19262.9 | AC12: =(AA12-AB12)/AB12 -> 2.623579 | AD12: hidden_size | AE12: 64 | AF12: 4974.55 | AG12: 3825.33 | AH12: =(AF12-AG12)/AG12 -> 0.30042375 | AI12: hidden_size | AJ12: 64 | AK12: 1840.81 | AL12: 1807.3 | AM12: =(AK12-AL12)/AL12 -> 0.018541471 | AN12: hidden_size | AO12: 32 | AP12: 1.1406 | AQ12: 1.0428 | AR12: =(AP12-AQ12)/AQ12 -> 0.093785961 | AT12: MAE | AU12: 0.023336 | AV12: 0.003718 | AW12: 0.003176 | AX12: 0.002257
B13: 1'Outubro'22 | C13: num_layers | D13: 3 | E13: 20449.08 | F13: 19311.9 | G13: =(E13-F13)/F13 -> 0.058884936 | H13: num_layers | I13: 2 | J13: 3991.37 | K13: 3585.62 | L13: =(J13-K13)/K13 -> 0.11316035 | M13: num_layers | N13: 3 | O13: 1709.66 | P13: 1663.6 | Q13: =(O13-P13)/P13 -> 0.027686944 | R13: num_layers | S13: 3 | T13: 0.9968 | U13: 0.9799 | V13: =(T13-U13)/U13 -> 0.017246658 | X13: 1'Outubro'22 | Y13: num_layers | Z13: 3 | AA13: 88246.58 | AB13: 19311.9 | AC13: =(AA13-AB13)/AB13 -> 3.5695442 | AD13: num_layers | AE13: 2 | AF13: 5083.14 | AG13: 3585.62 | AH13: =(AF13-AG13)/AG13 -> 0.41764604 | AI13: num_layers | AJ13: 3 | AK13: 1847.33 | AL13: 1663.6 | AM13: =(AK13-AL13)/AL13 -> 0.11044121 | AN13: num_layers | AO13: 3 | AP13: 1.1408 | AQ13: 0.9799 | AR13: =(AP13-AQ13)/AQ13 -> 0.16420043
B14: 1'Janeiro'23 | C14: MAE | D14: 0.02704 | E14: 16608.38 | F14: 16618.4 | G14: =(E14-F14)/F14 -> -0.00060294613 | H14: MAE | I14: 0.005979 | J14: 4103.11 | K14: 3839.5 | L14: =(J14-K14)/K14 -> 0.068657377 | M14: MAE | N14: 0.004668 | O14: 1822.02 | P14: 1826 | Q14: =(O14-P14)/P14 -> -0.0021796276 | R14: MAE | S14: 0.002106 | T14: 1.052 | U14: 1.0702 | V14: =(T14-U14)/U14 -> -0.017006167 | X14: 1'Janeiro'23 | Y14: MAE | Z14: 0.02704 | AA14: 111580.89 | AB14: 16618.4 | AC14: =(AA14-AB14)/AB14 -> 5.714298 | AD14: MAE | AE14: 0.005979 | AF14: 5195.87 | AG14: 3839.5 | AH14: =(AF14-AG14)/AG14 -> 0.35326735 | AI14: MAE | AJ14: 0.004668 | AK14: 1853.59 | AL14: 1826 | AM14: =(AK14-AL14)/AL14 -> 0.015109529 | AN14: MAE | AO14: 0.002106 | AP14: 1.141 | AQ14: 1.0702 | AR14: =(AP14-AQ14)/AQ14 -> 0.066155859
A15: 2023 | B15: 1'Abril'23 | C15: seq_len | D15: 20 | E15: 22816.16 | F15: 28456.1 | G15: =(E15-F15)/F15 -> -0.19819793 | H15: seq_len | I15: 20 | J15: 3969.4 | K15: 4109.31 | L15: =(J15-K15)/K15 -> -0.034047078 | M15: seq_len | N15: 20 | O15: 1856.16 | P15: 1988.5 | Q15: =(O15-P15)/P15 -> -0.066552678 | R15: seq_len | S15: 40 | T15: 1.0678 | U15: 1.0839 | V15: =(T15-U15)/U15 -> -0.014853769 | W15: 2023 | X15: 1'Abril'23 | Y15: seq_len | Z15: 20 | AA15: 18805.42 | AB15: 28456.1 | AC15: =(AA15-AB15)/AB15 -> -0.33914275 | AD15: seq_len | AE15: 20 | AF15: 3878.94 | AG15: 4109.31 | AH15: =(AF15-AG15)/AG15 -> -0.056060507 | AI15: seq_len | AJ15: 20 | AK15: 1831.16 | AL15: 1988.5 | AM15: =(AK15-AL15)/AL15 -> -0.079124969 | AN15: seq_len | AO15: 40 | AP15: 1.0727 | AQ15: 1.0839 | AR15: =(AP15-AQ15)/AQ15 -> -0.010333057
B16: 1'Julho'23 | C16: hidden_size | D16: 64 | E16: 27083.27 | F16: 30586.8 | G16: =(E16-F16)/F16 -> -0.11454386 | H16: hidden_size | I16: 64 | J16: 4249.32 | K16: 4450.38 | L16: =(J16-K16)/K16 -> -0.045178165 | M16: hidden_size | N16: 32 | O16: 2011.28 | P16: 1917.9 | Q16: =(O16-P16)/P16 -> 0.04868867 | R16: hidden_size | S16: 32 | T16: 1.0792 | U16: 1.091 | V16: =(T16-U16)/U16 -> -0.010815765 | X16: 1'Julho'23 | Y16: hidden_size | Z16: 64 | AA16: 21918.84 | AB16: 30586.8 | AC16: =(AA16-AB16)/AB16 -> -0.28338891 | AD16: hidden_size | AE16: 64 | AF16: 3926.4 | AG16: 4450.38 | AH16: =(AF16-AG16)/AG16 -> -0.11773826 | AI16: hidden_size | AJ16: 32 | AK16: 1832.55 | AL16: 1917.9 | AM16: =(AK16-AL16)/AL16 -> -0.044501799 | AN16: hidden_size | AO16: 32 | AP16: 1.074 | AQ16: 1.091 | AR16: =(AP16-AQ16)/AQ16 -> -0.015582035
B17: 1'Outubro'23 | C17: num_layers | D17: 3 | E17: 24820.36 | F17: 27974.5 | G17: =(E17-F17)/F17 -> -0.11275054 | H17: num_layers | I17: 3 | J17: 4517.43 | K17: 4288.05 | L17: =(J17-K17)/K17 -> 0.053492846 | M17: num_layers | N17: 3 | O17: 1977.22 | P17: 1869.5 | Q17: =(O17-P17)/P17 -> 0.057619684 | R17: num_layers | S17: 3 | T17: 1.0795 | U17: 1.057 | V17: =(T17-U17)/U17 -> 0.02128666 | X17: 1'Outubro'23 | Y17: num_layers | Z17: 3 | AA17: 25589.53 | AB17: 27974.5 | AC17: =(AA17-AB17)/AB17 -> -0.085255143 | AD17: num_layers | AE17: 3 | AF17: 3974.9 | AG17: 4288.05 | AH17: =(AF17-AG17)/AG17 -> -0.073028533 | AI17: num_layers | AJ17: 3 | AK17: 1833.05 | AL17: 1869.5 | AM17: =(AK17-AL17)/AL17 -> -0.019497192 | AN17: num_layers | AO17: 3 | AP17: 1.0751 | AQ17: 1.057 | AR17: =(AP17-AQ17)/AQ17 -> 0.017123936
B18: 1'Janeiro'24 | C18: MAE | D18: 0.026073 | E18: 40067.47 | F18: 44183.4 | G18: =(E18-F18)/F18 -> -0.093155574 | H18: MAE | I18: 0.006923 | J18: 4570.44 | K18: 4769.83 | L18: =(J18-K18)/K18 -> -0.041802328 | M18: MAE | N18: 0.005056 | O18: 2068.04 | P18: 2083.5 | Q18: =(O18-P18)/P18 -> -0.0074202064 | R18: MAE | S18: 0.002529 | T18: 1.0872 | U18: 1.1044 | V18: =(T18-U18)/U18 -> -0.015574067 | X18: 1'Janeiro'24 | Y18: MAE | Z18: 0.026073 | AA18: 29915.67 | AB18: 44183.4 | AC18: =(AA18-AB18)/AB18 -> -0.3229206 | AD18: MAE | AE18: 0.006923 | AF18: 4024.13 | AG18: 4769.83 | AH18: =(AF18-AG18)/AG18 -> -0.15633681 | AI18: MAE | AJ18: 0.005056 | AK18: 1833.61 | AL18: 2083.5 | AM18: =(AK18-AL18)/AL18 -> -0.1199376 | AN18: MAE | AO18: 0.002529 | AP18: 1.0759 | AQ18: 1.1044 | AR18: =(AP18-AQ18)/AQ18 -> -0.025805867
A19: 2024 | B19: 1'Abril'24 | C19: seq_len | D19: 20 | E19: 73032.34 | F19: 69664.4 | G19: =(E19-F19)/F19 -> 0.048345209 | H19: seq_len | I19: 40 | J19: 5147.17 | K19: 5243.77 | L19: =(J19-K19)/K19 -> -0.018421861 | M19: seq_len | N19: 40 | O19: 2068.91 | P19: 2245.9 | Q19: =(O19-P19)/P19 -> -0.078805824 | R19: seq_len | S19: 40 | T19: 1.0876 | U19: 1.0743 | V19: =(T19-U19)/U19 -> 0.012380155 | W19: 2024 | X19: 1'Abril'24 | Y19: seq_len | Z19: 20 | AA19: 48026.78 | AB19: 69664.4 | AC19: =(AA19-AB19)/AB19 -> -0.31059795 | AD19: seq_len | AE19: 40 | AF19: 4803.92 | AG19: 5243.77 | AH19: =(AF19-AG19)/AG19 -> -0.083880491 | AI19: seq_len | AJ19: 40 | AK19: 2145.13 | AL19: 2245.9 | AM19: =(AK19-AL19)/AL19 -> -0.044868427 | AN19: seq_len | AO19: 40 | AP19: 1.1092 | AQ19: 1.0743 | AR19: =(AP19-AQ19)/AQ19 -> 0.03248627
B20: 1'Julho'24 | C20: hidden_size | D20: 64 | E20: 64555.21 | F20: 62890.1 | G20: =(E20-F20)/F20 -> 0.026476504 | H20: hidden_size | I20: 64 | J20: 5311.03 | K20: 5475.09 | L20: =(J20-K20)/K20 -> -0.029964804 | M20: hidden_size | N20: 32 | O20: 2388.59 | P20: 2338.9 | Q20: =(O20-P20)/P20 -> 0.02124503 | R20: hidden_size | S20: 32 | T20: 1.089 | U20: 1.0738 | V20: =(T20-U20)/U20 -> 0.014155336 | X20: 1'Julho'24 | Y20: hidden_size | Z20: 64 | AA20: 55374.15 | AB20: 62890.1 | AC20: =(AA20-AB20)/AB20 -> -0.11950927 | AD20: hidden_size | AE20: 64 | AF20: 4845.52 | AG20: 5475.09 | AH20: =(AF20-AG20)/AG20 -> -0.11498806 | AI20: hidden_size | AJ20: 32 | AK20: 2203.14 | AL20: 2338.9 | AM20: =(AK20-AL20)/AL20 -> -0.05804438 | AN20: hidden_size | AO20: 32 | AP20: 1.1141 | AQ20: 1.0738 | AR20: =(AP20-AQ20)/AQ20 -> 0.037530266
B21: 1'Outubro'24 | C21: num_layers | D21: 2 | E21: 54214.57 | F21: 60835.5 | G21: =(E21-F21)/F21 -> -0.10883333 | H21: num_layers | I21: 2 | J21: 5631.48 | K21: 5708.75 | L21: =(J21-K21)/K21 -> -0.013535362 | M21: num_layers | N21: 2 | O21: 2582.25 | P21: 2678.5 | Q21: =(O21-P21)/P21 -> -0.035934292 | R21: num_layers | S21: 3 | T21: 1.1057 | U21: 1.1067 | V21: =(T21-U21)/U21 -> -0.00090358724 | X21: 1'Outubro'24 | Y21: num_layers | Z21: 2 | AA21: 63985.16 | AB21: 60835.5 | AC21: =(AA21-AB21)/AB21 -> 0.051773389 | AD21: num_layers | AE21: 2 | AF21: 4888.37 | AG21: 5708.75 | AH21: =(AF21-AG21)/AG21 -> -0.14370571 | AI21: num_layers | AJ21: 2 | AK21: 2262.57 | AL21: 2678.5 | AM21: =(AK21-AL21)/AL21 -> -0.15528467 | AN21: num_layers | AO21: 3 | AP21: 1.1191 | AQ21: 1.1067 | AR21: =(AP21-AQ21)/AQ21 -> 0.011204482
B22: 1'Janeiro'25 | C22: MAE | D22: 0.019204 | E22: 100955.73 | F22: 94560.2 | G22: =(E22-F22)/F22 -> 0.06763448 | H22: MAE | I22: 0.005787 | J22: 6013.41 | K22: 5881.63 | L22: =(J22-K22)/K22 -> 0.022405354 | M22: MAE | N22: 0.004597 | O22: 2686.89 | P22: 2618.1 | Q22: =(O22-P22)/P22 -> 0.026274779 | R22: MAE | S22: 0.002614 | T22: 1.0567 | U22: 1.0355 | V22: =(T22-U22)/U22 -> 0.020473201 | X22: 1'Janeiro'25 | Y22: MAE | Z22: 0.019204 | AA22: 73880.94 | AB22: 94560.2 | AC22: =(AA22-AB22)/AB22 -> -0.21868884 | AD22: MAE | AE22: 0.005787 | AF22: 4931.76 | AG22: 5881.63 | AH22: =(AF22-AG22)/AG22 -> -0.16149775 | AI22: MAE | AJ22: 0.004597 | AK22: 2320.46 | AL22: 2618.1 | AM22: =(AK22-AL22)/AL22 -> -0.1136855 | AN22: MAE | AO22: 0.002614 | AP22: 1.124 | AQ22: 1.0355 | AR22: =(AP22-AQ22)/AQ22 -> 0.085465958
A23: 2025 | B23: 1'Abril'25 | C23: seq_len | D23: 40 | E23: 90712.95 | F23: 85164.2 | G23: =(E23-F23)/F23 -> 0.06515355 | H23: seq_len | I23: 40 | J23: 6034.41 | K23: 5633.07 | L23: =(J23-K23)/K23 -> 0.071247117 | M23: seq_len | N23: 20 | O23: 2925.67 | P23: 3146 | Q23: =(O23-P23)/P23 -> -0.070034965 | R23: seq_len | S23: 40 | T23: 1.0401 | U23: 1.0793 | V23: =(T23-U23)/U23 -> -0.036319837 | W23: 2025 | X23: 1'Abril'25 | Y23: seq_len | Z23: 40 | AA23: 99931.71 | AB23: 85164.2 | AC23: =(AA23-AB23)/AB23 -> 0.17340044 | AD23: seq_len | AE23: 40 | AF23: 5902.37 | AG23: 5633.07 | AH23: =(AF23-AG23)/AG23 -> 0.047806968 | AI23: seq_len | AJ23: 20 | AK23: 2665.97 | AL23: 3146 | AM23: =(AK23-AL23)/AL23 -> -0.15258423 | AN23: seq_len | AO23: 40 | AP23: 1.0393 | AQ23: 1.0793 | AR23: =(AP23-AQ23)/AQ23 -> -0.037061058
B24: 1'Julho'25 | C24: hidden_size | D24: 32 | E24: 108387.57 | F24: 105694.3 | G24: =(E24-F24)/F24 -> 0.025481696 | H24: hidden_size | I24: 64 | J24: 5920.99 | K24: 6198.01 | L24: =(J24-K24)/K24 -> -0.044694991 | M24: hidden_size | N24: 64 | O24: 3354.89 | P24: 3349.8 | Q24: =(O24-P24)/P24 -> 0.0015194937 | R24: hidden_size | S24: 32 | T24: 1.1386 | U24: 1.1807 | V24: =(T24-U24)/U24 -> -0.035656814 | X24: 1'Julho'25 | Y24: hidden_size | Z24: 32 | AA24: 107777.09 | AB24: 105694.3 | AC24: =(AA24-AB24)/AB24 -> 0.019705793 | AD24: hidden_size | AE24: 64 | AF24: 5925.52 | AG24: 6198.01 | AH24: =(AF24-AG24)/AG24 -> -0.043964111 | AI24: hidden_size | AJ24: 64 | AK24: 2705.16 | AL24: 3349.8 | AM24: =(AK24-AL24)/AL24 -> -0.19244134 | AN24: hidden_size | AO24: 32 | AP24: 1.0416 | AQ24: 1.1807 | AR24: =(AP24-AQ24)/AQ24 -> -0.11781147
B25: 1'Outubro'25 | C25: num_layers | D25: 2 | E25: 107556.17 | F25: 118576.2 | G25: =(E25-F25)/F25 -> -0.092936272 | H25: num_layers | I25: 3 | J25: 6477.3 | K25: 6711.2 | L25: =(J25-K25)/K25 -> -0.034852187 | M25: num_layers | N25: 3 | O25: 3587.85 | P25: 3897.5 | Q25: =(O25-P25)/P25 -> -0.079448364 | R25: num_layers | S25: 3 | T25: 1.1744 | U25: 1.173 | V25: =(T25-U25)/U25 -> 0.0011935209 | X25: 1'Outubro'25 | Y25: num_layers | Z25: 2 | AA25: 116345.39 | AB25: 118576.2 | AC25: =(AA25-AB25)/AB25 -> -0.018813303 | AD25: num_layers | AE25: 3 | AF25: 5949.17 | AG25: 6711.2 | AH25: =(AF25-AG25)/AG25 -> -0.11354601 | AI25: num_layers | AJ25: 3 | AK25: 2740.7 | AL25: 3897.5 | AM25: =(AK25-AL25)/AL25 -> -0.29680564 | AN25: num_layers | AO25: 3 | AP25: 1.0439 | AQ25: 1.173 | AR25: =(AP25-AQ25)/AQ25 -> -0.11005968
B26: 1'Janeiro'26 | C26: MAE | D26: 0.017521 | E26: 86423.14 | F26: 88812.1 | G26: =(E26-F26)/F26 -> -0.026899037 | H26: MAE | I26: 0.005324 | J26: 6848.16 | K26: 6845.5 | L26: =(J26-K26)/K26 -> 0.00038857644 | M26: MAE | N26: 0.004301 | O26: 4327.95 | P26: 4361.55 | Q26: =(O26-P26)/P26 -> -0.0077036833 | R26: MAE | S26: 0.00253 | T26: 1.1651 | U26: 1.1746 | V26: =(T26-U26)/U26 -> -0.0080878597 | X26: 1'Janeiro'26 | Y26: MAE | Z26: 0.017521 | AA26: 125531.55 | AB26: 88812.1 | AC26: =(AA26-AB26)/AB26 -> 0.41345098 | AD26: MAE | AE26: 0.005324 | AF26: 5972.82 | AG26: 6845.5 | AH26: =(AF26-AG26)/AG26 -> -0.12748229 | AI26: MAE | AJ26: 0.004301 | AK26: 2781.76 | AL26: 4361.55 | AM26: =(AK26-AL26)/AL26 -> -0.36220839 | AN26: MAE | AO26: 0.00253 | AP26: 1.0462 | AQ26: 1.1746 | AR26: =(AP26-AQ26)/AQ26 -> -0.10931381
A27: 2026 | B27: 1'Abril'26 | C27: seq_len | G27: =(E27-F27)/F27 -> #DIV/0! | H27: seq_len | L27: =(J27-K27)/K27 -> #DIV/0! | M27: seq_len | Q27: =(O27-P27)/P27 -> #DIV/0! | R27: seq_len | V27: =(T27-U27)/U27 -> #DIV/0! | W27: 2026 | X27: 1'Abril'26 | Y27: seq_len | AC27: =(AA27-AB27)/AB27 -> #DIV/0! | AD27: seq_len | AH27: =(AF27-AG27)/AG27 -> #DIV/0! | AI27: seq_len | AM27: =(AK27-AL27)/AL27 -> #DIV/0! | AN27: seq_len | AR27: =(AP27-AQ27)/AQ27 -> #DIV/0!
B28: 1'Julho'26 | C28: hidden_size | G28: =(E28-F28)/F28 -> #DIV/0! | H28: hidden_size | L28: =(J28-K28)/K28 -> #DIV/0! | M28: hidden_size | Q28: =(O28-P28)/P28 -> #DIV/0! | R28: hidden_size | V28: =(T28-U28)/U28 -> #DIV/0! | X28: 1'Julho'26 | Y28: hidden_size | AC28: =(AA28-AB28)/AB28 -> #DIV/0! | AD28: hidden_size | AH28: =(AF28-AG28)/AG28 -> #DIV/0! | AI28: hidden_size | AM28: =(AK28-AL28)/AL28 -> #DIV/0! | AN28: hidden_size | AR28: =(AP28-AQ28)/AQ28 -> #DIV/0!
B29: 1'Outubro'26 | C29: num_layers | G29: =(E29-F29)/F29 -> #DIV/0! | H29: num_layers | L29: =(J29-K29)/K29 -> #DIV/0! | M29: num_layers | Q29: =(O29-P29)/P29 -> #DIV/0! | R29: num_layers | V29: =(T29-U29)/U29 -> #DIV/0! | X29: 1'Outubro'26 | Y29: num_layers | AC29: =(AA29-AB29)/AB29 -> #DIV/0! | AD29: num_layers | AH29: =(AF29-AG29)/AG29 -> #DIV/0! | AI29: num_layers | AM29: =(AK29-AL29)/AL29 -> #DIV/0! | AN29: num_layers | AR29: =(AP29-AQ29)/AQ29 -> #DIV/0!
B30: 1'Janeiro'27 | C30: MAE | G30: =(E30-F30)/F30 -> #DIV/0! | H30: MAE | L30: =(J30-K30)/K30 -> #DIV/0! | M30: MAE | Q30: =(O30-P30)/P30 -> #DIV/0! | R30: MAE | V30: =(T30-U30)/U30 -> #DIV/0! | X30: 1'Janeiro'27 | Y30: MAE | AC30: =(AA30-AB30)/AB30 -> #DIV/0! | AD30: MAE | AH30: =(AF30-AG30)/AG30 -> #DIV/0! | AI30: MAE | AM30: =(AK30-AL30)/AL30 -> #DIV/0! | AN30: MAE | AR30: =(AP30-AQ30)/AQ30 -> #DIV/0!
F31: AVG(ABS) | G31: {=AVERAGE(ABS(G3:G26))} -> 0.11770066 | K31: AVG(ABS) | L31: {=AVERAGE(ABS(L3:L26))} -> 0.046939505 | P31: AVG(ABS) | Q31: {=AVERAGE(ABS(Q3:Q26))} -> 0.034005865 | U31: AVG(ABS) | V31: {=AVERAGE(ABS(V3:V26))} -> 0.016201674 | AB31: AVG(ABS) | AC31: {=AVERAGE(ABS(AC3:AC26))} -> 0.86674889 | AG31: AVG(ABS) | AH31: {=AVERAGE(ABS(AH3:AH26))} -> 0.13708012 | AL31: AVG(ABS) | AM31: {=AVERAGE(ABS(AM3:AM26))} -> 0.10367555 | AQ31: AVG(ABS) | AR31: {=AVERAGE(ABS(AR3:AR26))} -> 0.057714504

Sheet Visual

Sheet ARIMA DATA
A1: Tipo | C1: Static | O1: Monthly | AA1: Monthly Propagating | AM1: Rolling Window (24-month) | AY1: Rolling Window Propagating
A2: Asset | C2: Bitcoin | F2: S&P 500 | I2: Gold | L2: EUR/USD | O2: Bitcoin | R2: S&P 500 | U2: Gold | X2: EUR/USD | AA2: Bitcoin | AD2: S&P 500 | AG2: Gold | AJ2: EUR/USD | AM2: Bitcoin | AP2: S&P 500 | AS2: Gold | AV2: EUR/USD | AY2: Bitcoin | BB2: S&P 500 | BE2: Gold | BH2: EUR/USD
A3: Forecast | C3: Real | D3: Previsto | E3: Erro | F3: Real | G3: Previsto | H3: Erro | I3: Real | J3: Previsto | K3: Erro | L3: Real | M3: Previsto | N3: Erro | O3: Real | P3: Previsto | Q3: Erro | R3: Real | S3: Previsto | T3: Erro | U3: Real | V3: Previsto | W3: Erro | X3: Real | Y3: Previsto | Z3: Erro | AA3: Real | AB3: Previsto | AC3: Erro | AD3: Real | AE3: Previsto | AF3: Erro | AG3: Real | AH3: Previsto | AI3: Erro | AJ3: Real | AK3: Previsto | AL3: Erro | AM3: Real | AN3: Previsto | AO3: Erro | AP3: Real | AQ3: Previsto | AR3: Erro | AS3: Real | AT3: Previsto | AU3: Erro | AV3: Real | AW3: Previsto | AX3: Erro | AY3: Real | AZ3: Previsto | BA3: Erro | BB3: Real | BC3: Previsto | BD3: Erro | BE3: Real | BF3: Previsto | BG3: Erro | BH3: Real | BI3: Previsto | BJ3: Erro
A4: 2020-21 | B4: Abril'20 | C4: 6638.5 | D4: 9740.23 | E4: =(D4-C4)/C4 -> 0.46723356 | F4: 2470.5 | G4: 3262.72 | H4: =(G4-F4)/F4 -> 0.32067193 | I4: 1584.1 | J4: 1555.1 | K4: =(J4-I4)/I4 -> -0.018306925 | L4: 1.0962 | M4: 1.1222 | N4: =(M4-L4)/L4 -> 0.0237183 | O4: 6638.5 | P4: 6349.5 | Q4: =(P4-O4)/O4 -> -0.043533931 | R4: 2470.5 | S4: 2589.7 | T4: =(S4-R4)/R4 -> 0.048249342 | U4: 1584.1 | V4: 1590.01 | W4: =(V4-U4)/U4 -> 0.0037308251 | X4: 1.0962 | Y4: 1.1028 | Z4: =(Y4-X4)/X4 -> 0.0060207991 | AA4: 6638.5 | AB4: 9667.06 | AC4: =(AB4-AA4)/AA4 -> 0.45621149 | AD4: 2470.5 | AE4: 3268.96 | AF4: =(AE4-AD4)/AD4 -> 0.32319773 | AG4: 1584.1 | AH4: 1555.55 | AI4: =(AH4-AG4)/AG4 -> -0.018022852 | AJ4: 1.0962 | AK4: 1.1221 | AL4: =(AK4-AJ4)/AJ4 -> 0.023627075 | AM4: 6638.5 | AN4: 6461.44 | AO4: =(AN4-AM4)/AM4 -> -0.026671688 | AP4: 2470.5 | AQ4: 2599.59 | AR4: =(AQ4-AP4)/AP4 -> 0.05225258 | AS4: 1584.1 | AT4: 1589.76 | AU4: =(AT4-AS4)/AS4 -> 0.0035730068 | AV4: 1.0962 | AW4: 1.1023 | AX4: =(AW4-AV4)/AV4 -> 0.005564678 | AY4: 6638.5 | AZ4: 6934.94 | BA4: =(AZ4-AY4)/AY4 -> 0.044654666 | BB4: 2470.5 | BC4: 3271.75 | BD4: =(BC4-BB4)/BB4 -> 0.32432706 | BE4: 1584.1 | BF4: 1554.68 | BG4: =(BF4-BE4)/BE4 -> -0.01857206 | BH4: 1.0962 | BI4: 1.1068 | BJ4: =(BI4-BH4)/BH4 -> 0.0096697683
B5: Julho'20 | C5: 9229.9 | D5: 13076.75 | E5: =(D5-C5)/C5 -> 0.41678133 | F5: 3115.9 | G5: 3295.31 | H5: =(G5-F5)/F5 -> 0.05757887 | I5: 1779.9 | J5: 1587.4 | K5: =(J5-I5)/I5 -> -0.10815214 | L5: 1.125 | M5: 1.1235 | N5: =(M5-L5)/L5 -> -0.0013333333 | O5: 9229.9 | P5: 9152.48 | Q5: =(P5-O5)/O5 -> -0.0083879565 | R5: 3115.9 | S5: 3096 | T5: =(S5-R5)/R5 -> -0.0063865978 | U5: 1779.9 | V5: 1800.77 | W5: =(V5-U5)/U5 -> 0.011725378 | X5: 1.125 | Y5: 1.1231 | Z5: =(Y5-X5)/X5 -> -0.0016888889 | AA5: 9229.9 | AB5: 12768.7 | AC5: =(AB5-AA5)/AA5 -> 0.3834061 | AD5: 3115.9 | AE5: 3295 | AF5: =(AE5-AD5)/AD5 -> 0.05747938 | AG5: 1779.9 | AH5: 1589.24 | AI5: =(AH5-AG5)/AG5 -> -0.10711838 | AJ5: 1.125 | AK5: 1.1232 | AL5: =(AK5-AJ5)/AJ5 -> -0.0016 | AM5: 9229.9 | AN5: 9143.96 | AO5: =(AN5-AM5)/AM5 -> -0.0093110435 | AP5: 3115.9 | AQ5: 3094.3 | AR5: =(AQ5-AP5)/AP5 -> -0.0069321865 | AS5: 1779.9 | AT5: 1801.02 | AU5: =(AT5-AS5)/AS5 -> 0.011865835 | AV5: 1.125 | AW5: 1.1232 | AX5: =(AW5-AV5)/AV5 -> -0.0016 | AY5: 9229.9 | AZ5: 7011.87 | BA5: =(AZ5-AY5)/AY5 -> -0.24030921 | BB5: 3115.9 | BC5: 3297.88 | BD5: =(BC5-BB5)/BB5 -> 0.058403671 | BE5: 1779.9 | BF5: 1601.16 | BG5: =(BF5-BE5)/BE5 -> -0.10042137 | BH5: 1.125 | BI5: 1.0957 | BJ5: =(BI5-BH5)/BH5 -> -0.026044444
B6: Outubro'20 | C6: 10620.5 | D6: 17613.1 | E6: =(D6-C6)/C6 -> 0.65840591 | F6: 3380.8 | G6: 3328.59 | H6: =(G6-F6)/F6 -> -0.01544309 | I6: 1912.3 | J6: 1620.75 | K6: =(J6-I6)/I6 -> -0.15246039 | L6: 1.1747 | M6: 1.1247 | N6: =(M6-L6)/L6 -> -0.042564059 | O6: 10620.5 | P6: 10791.47 | Q6: =(P6-O6)/O6 -> 0.016098112 | R6: 3380.8 | S6: 3361.39 | T6: =(S6-R6)/R6 -> -0.0057412447 | U6: 1912.3 | V6: 1892.64 | W6: =(V6-U6)/U6 -> -0.010280814 | X6: 1.1747 | Y6: 1.172 | Z6: =(Y6-X6)/X6 -> -0.0022984592 | AA6: 10620.5 | AB6: 17024.11 | AC6: =(AB6-AA6)/AA6 -> 0.60294807 | AD6: 3380.8 | AE6: 3327.08 | AF6: =(AE6-AD6)/AD6 -> -0.01588973 | AG6: 1912.3 | AH6: 1626.89 | AI6: =(AH6-AG6)/AG6 -> -0.14924959 | AJ6: 1.1747 | AK6: 1.1251 | AL6: =(AK6-AJ6)/AJ6 -> -0.042223546 | AM6: 10620.5 | AN6: 10811.04 | AO6: =(AN6-AM6)/AM6 -> 0.017940775 | AP6: 3380.8 | AQ6: 3358.77 | AR6: =(AQ6-AP6)/AP6 -> -0.0065162092 | AS6: 1912.3 | AT6: 1888.44 | AU6: =(AT6-AS6)/AS6 -> -0.012477122 | AV6: 1.1747 | AW6: 1.1727 | AX6: =(AW6-AV6)/AV6 -> -0.0017025624 | AY6: 10620.5 | AZ6: 7549.37 | BA6: =(AZ6-AY6)/AY6 -> -0.28917 | BB6: 3380.8 | BC6: 3354.58 | BD6: =(BC6-BB6)/BB6 -> -0.0077555608 | BE6: 1912.3 | BF6: 1688.72 | BG6: =(BF6-BE6)/BE6 -> -0.1169168 | BH6: 1.1747 | BI6: 1.0964 | BJ6: =(BI6-BH6)/BH6 -> -0.066655316
B7: Janeiro'21 | C7: 29359.9 | D7: 23723.12 | E7: =(D7-C7)/C7 -> -0.19198907 | F7: 3756.1 | G7: 3362.21 | H7: =(G7-F7)/F7 -> -0.10486675 | I7: 1895.1 | J7: 1654.8 | K7: =(J7-I7)/I7 -> -0.1268007 | L7: 1.2212 | M7: 1.1259 | N7: =(M7-L7)/L7 -> -0.078037995 | O7: 29359.9 | P7: 28792.57 | Q7: =(P7-O7)/O7 -> -0.019323295 | R7: 3756.1 | S7: 3753.92 | T7: =(S7-R7)/R7 -> -0.00058038923 | U7: 1895.1 | V7: 1895.58 | W7: =(V7-U7)/U7 -> 0.00025328479 | X7: 1.2212 | Y7: 1.2215 | Z7: =(Y7-X7)/X7 -> 0.00024566001 | AA7: 29359.9 | AB7: 22205.96 | AC7: =(AB7-AA7)/AA7 -> -0.24366364 | AD7: 3756.1 | AE7: 3360.92 | AF7: =(AE7-AD7)/AD7 -> -0.10521019 | AG7: 1895.1 | AH7: 1663.52 | AI7: =(AH7-AG7)/AG7 -> -0.12219936 | AJ7: 1.2212 | AK7: 1.1269 | AL7: =(AK7-AJ7)/AJ7 -> -0.077219129 | AM7: 29359.9 | AN7: 29134.07 | AO7: =(AN7-AM7)/AM7 -> -0.0076917837 | AP7: 3756.1 | AQ7: 3754.07 | AR7: =(AQ7-AP7)/AP7 -> -0.00054045419 | AS7: 1895.1 | AT7: 1896.42 | AU7: =(AT7-AS7)/AS7 -> 0.00069653316 | AV7: 1.2212 | AW7: 1.2217 | AX7: =(AW7-AV7)/AV7 -> 0.00040943334 | AY7: 29359.9 | AZ7: 8964.32 | BA7: =(AZ7-AY7)/AY7 -> -0.69467471 | BB7: 3756.1 | BC7: 3433.93 | BD7: =(BC7-BB7)/BB7 -> -0.085772477 | BE7: 1895.1 | BF7: 1781.9 | BG7: =(BF7-BE7)/BE7 -> -0.059732996 | BH7: 1.2212 | BI7: 1.0999 | BJ7: =(BI7-BH7)/BH7 -> -0.099328529
A8: 2021-22 | B8: Abril'21 | C8: 58718.3 | D8: 38819.47 | E8: =(D8-C8)/C8 -> -0.33888634 | F8: 4019.9 | G8: 3796.65 | H8: =(G8-F8)/F8 -> -0.055536207 | I8: 1727.3 | J8: 1937.56 | K8: =(J8-I8)/I8 -> 0.12172755 | L8: 1.1775 | M8: 1.2238 | N8: =(M8-L8)/L8 -> 0.039320594 | O8: 58718.3 | P8: 58719.75 | Q8: =(P8-O8)/O8 -> 2.4694175e-05 | R8: 4019.9 | S8: 3971.8 | T8: =(S8-R8)/R8 -> -0.011965472 | U8: 1727.3 | V8: 1714.23 | W8: =(V8-U8)/U8 -> -0.0075667226 | X8: 1.1775 | Y8: 1.1727 | Z8: =(Y8-X8)/X8 -> -0.0040764331 | AA8: 58718.3 | AB8: 39309.65 | AC8: =(AB8-AA8)/AA8 -> -0.33053835 | AD8: 4019.9 | AE8: 3794.02 | AF8: =(AE8-AD8)/AD8 -> -0.056190452 | AG8: 1727.3 | AH8: 1936.39 | AI8: =(AH8-AG8)/AG8 -> 0.12105019 | AJ8: 1.1775 | AK8: 1.2236 | AL8: =(AK8-AJ8)/AJ8 -> 0.039150743 | AM8: 58718.3 | AN8: 58987.36 | AO8: =(AN8-AM8)/AM8 -> 0.0045822171 | AP8: 4019.9 | AQ8: 3971.16 | AR8: =(AQ8-AP8)/AP8 -> -0.01212468 | AS8: 1727.3 | AT8: 1715.5 | AU8: =(AT8-AS8)/AS8 -> -0.0068314711 | AV8: 1.1775 | AW8: 1.1722 | AX8: =(AW8-AV8)/AV8 -> -0.0045010616 | AY8: 58718.3 | AZ8: 38615.71 | BA8: =(AZ8-AY8)/AY8 -> -0.34235647 | BB8: 4019.9 | BC8: 3917.93 | BD8: =(BC8-BB8)/BB8 -> -0.025366303 | BE8: 1727.3 | BF8: 1989.37 | BG8: =(BF8-BE8)/BE8 -> 0.15172234 | BH8: 1.1775 | BI8: 1.2283 | BJ8: =(BI8-BH8)/BH8 -> 0.043142251
B9: Julho'21 | C9: 33543.6 | D9: 52360.58 | E9: =(D9-C9)/C9 -> 0.5609708 | F9: 4319.9 | G9: 3839.61 | H9: =(G9-F9)/F9 -> -0.11118081 | I9: 1776.8 | J9: 1980.93 | K9: =(J9-I9)/I9 -> 0.11488631 | L9: 1.1848 | M9: 1.2263 | N9: =(M9-L9)/L9 -> 0.035027009 | O9: 33543.6 | P9: 35154.36 | Q9: =(P9-O9)/O9 -> 0.048019891 | R9: 4319.9 | S9: 4297.72 | T9: =(S9-R9)/R9 -> -0.0051343781 | U9: 1776.8 | V9: 1771.76 | W9: =(V9-U9)/U9 -> -0.0028365601 | X9: 1.1848 | Y9: 1.1855 | Z9: =(Y9-X9)/X9 -> 0.00059081702 | AA9: 33543.6 | AB9: 52320.87 | AC9: =(AB9-AA9)/AA9 -> 0.55978696 | AD9: 4319.9 | AE9: 3843 | AF9: =(AE9-AD9)/AD9 -> -0.11039607 | AG9: 1776.8 | AH9: 1978.43 | AI9: =(AH9-AG9)/AG9 -> 0.11347929 | AJ9: 1.1848 | AK9: 1.2257 | AL9: =(AK9-AJ9)/AJ9 -> 0.034520594 | AM9: 33543.6 | AN9: 35273.66 | AO9: =(AN9-AM9)/AM9 -> 0.051576456 | AP9: 4319.9 | AQ9: 4298.61 | AR9: =(AQ9-AP9)/AP9 -> -0.0049283548 | AS9: 1776.8 | AT9: 1771.59 | AU9: =(AT9-AS9)/AS9 -> -0.0029322377 | AV9: 1.1848 | AW9: 1.1849 | AX9: =(AW9-AV9)/AV9 -> 8.4402431e-05 | AY9: 33543.6 | AZ9: 49554.71 | BA9: =(AZ9-AY9)/AY9 -> 0.47732235 | BB9: 4319.9 | BC9: 4107.6 | BD9: =(BC9-BB9)/BB9 -> -0.049144656 | BE9: 1776.8 | BF9: 2064.78 | BG9: =(BF9-BE9)/BE9 -> 0.16207789 | BH9: 1.1848 | BI9: 1.2362 | BJ9: =(BI9-BH9)/BH9 -> 0.043382849
B10: Outubro'21 | C10: 48146 | D10: 70857.75 | E10: =(D10-C10)/C10 -> 0.47172662 | F10: 4357 | G10: 3883.54 | H10: =(G10-F10)/F10 -> -0.10866651 | I10: 1757.7 | J10: 2025.77 | K10: =(J10-I10)/I10 -> 0.15251181 | L10: 1.1594 | M10: 1.2288 | N10: =(M10-L10)/L10 -> 0.059858548 | O10: 48146 | P10: 43904.76 | Q10: =(P10-O10)/O10 -> -0.088091223 | R10: 4357 | S10: 4312.01 | T10: =(S10-R10)/R10 -> -0.010325912 | U10: 1757.7 | V10: 1756.18 | W10: =(V10-U10)/U10 -> -0.00086476646 | X10: 1.1594 | Y10: 1.158 | Z10: =(Y10-X10)/X10 -> -0.0012075211 | AA10: 48146 | AB10: 70617.49 | AC10: =(AB10-AA10)/AA10 -> 0.46673639 | AD10: 4357 | AE10: 3897.21 | AF10: =(AE10-AD10)/AD10 -> -0.10552903 | AG10: 1757.7 | AH10: 2020.66 | AI10: =(AH10-AG10)/AG10 -> 0.1496046 | AJ10: 1.1594 | AK10: 1.2274 | AL10: =(AK10-AJ10)/AJ10 -> 0.058651026 | AM10: 48146 | AN10: 43750.81 | AO10: =(AN10-AM10)/AM10 -> -0.091288788 | AP10: 4357 | AQ10: 4323.62 | AR10: =(AQ10-AP10)/AP10 -> -0.0076612348 | AS10: 1757.7 | AT10: 1755.85 | AU10: =(AT10-AS10)/AS10 -> -0.0010525118 | AV10: 1.1594 | AW10: 1.157 | AX10: =(AW10-AV10)/AV10 -> -0.0020700362 | AY10: 48146 | AZ10: 58153.93 | BA10: =(AZ10-AY10)/AY10 -> 0.20786628 | BB10: 4357 | BC10: 4335.79 | BD10: =(BC10-BB10)/BB10 -> -0.0048680285 | BE10: 1757.7 | BF10: 2116.5 | BG10: =(BF10-BE10)/BE10 -> 0.2041304 | BH10: 1.1594 | BI10: 1.2437 | BJ10: =(BI10-BH10)/BH10 -> 0.072710022
B11: Janeiro'22 | C11: 47738 | D11: 95889.32 | E11: =(D11-C11)/C11 -> 1.0086581 | F11: 4766.2 | G11: 3927.98 | H11: =(G11-F11)/F11 -> -0.17586757 | I11: 1828.6 | J11: 2071.63 | K11: =(J11-I11)/I11 -> 0.13290495 | L11: 1.1368 | M11: 1.2313 | N11: =(M11-L11)/L11 -> 0.083128079 | O11: 47738 | P11: 46195.17 | Q11: =(P11-O11)/O11 -> -0.032318698 | R11: 4766.2 | S11: 4768.13 | T11: =(S11-R11)/R11 -> 0.00040493475 | U11: 1828.6 | V11: 1828.9 | W11: =(V11-U11)/U11 -> 0.00016405994 | X11: 1.1368 | Y11: 1.1367 | Z11: =(Y11-X11)/X11 -> -8.7966221e-05 | AA11: 47738 | AB11: 94474.99 | AC11: =(AB11-AA11)/AA11 -> 0.97903117 | AD11: 4766.2 | AE11: 3955.42 | AF11: =(AE11-AD11)/AD11 -> -0.17011036 | AG11: 1828.6 | AH11: 2063.94 | AI11: =(AH11-AG11)/AG11 -> 0.12869955 | AJ11: 1.1368 | AK11: 1.2288 | AL11: =(AK11-AJ11)/AJ11 -> 0.080928923 | AM11: 47738 | AN11: 46410.96 | AO11: =(AN11-AM11)/AM11 -> -0.0277984 | AP11: 4766.2 | AQ11: 4771.01 | AR11: =(AQ11-AP11)/AP11 -> 0.0010091897 | AS11: 1828.6 | AT11: 1828.95 | AU11: =(AT11-AS11)/AS11 -> 0.00019140326 | AV11: 1.1368 | AW11: 1.1367 | AX11: =(AW11-AV11)/AV11 -> -8.7966221e-05 | AY11: 47738 | AZ11: 74102.09 | BA11: =(AZ11-AY11)/AY11 -> 0.55226633 | BB11: 4766.2 | BC11: 4570.12 | BD11: =(BC11-BB11)/BB11 -> -0.041139692 | BE11: 1828.6 | BF11: 2162.18 | BG11: =(BF11-BE11)/BE11 -> 0.18242371 | BH11: 1.1368 | BI11: 1.2504 | BJ11: =(BI11-BH11)/BH11 -> 0.099929627
A12: 2022-23 | B12: Abril'22 | C12: 46297 | D12: 61218.13 | E12: =(D12-C12)/C12 -> 0.32229151 | F12: 4545.86 | G12: 4831.35 | H12: =(G12-F12)/F12 -> 0.062802198 | I12: 1951.1 | J12: 1867.39 | K12: =(J12-I12)/I12 -> -0.042904003 | L12: 1.1053 | M12: 1.1381 | N12: =(M12-L12)/L12 -> 0.029675201 | O12: 46297 | P12: 45858.83 | Q12: =(P12-O12)/O12 -> -0.0094643281 | R12: 4545.86 | S12: 4539.24 | T12: =(S12-R12)/R12 -> -0.0014562701 | U12: 1951.1 | V12: 1951.09 | W12: =(V12-U12)/U12 -> -5.1253139e-06 | X12: 1.1053 | Y12: 1.1068 | Z12: =(Y12-X12)/X12 -> 0.0013570976 | AA12: 46297 | AB12: 60549.41 | AC12: =(AB12-AA12)/AA12 -> 0.30784738 | AD12: 4545.86 | AE12: 4831.11 | AF12: =(AE12-AD12)/AD12 -> 0.062749403 | AG12: 1951.1 | AH12: 1867.06 | AI12: =(AH12-AG12)/AG12 -> -0.043073138 | AJ12: 1.1053 | AK12: 1.1382 | AL12: =(AK12-AJ12)/AJ12 -> 0.029765674 | AM12: 46297 | AN12: 45706.61 | AO12: =(AN12-AM12)/AM12 -> -0.01275223 | AP12: 4545.86 | AQ12: 4537.47 | AR12: =(AQ12-AP12)/AP12 -> -0.0018456354 | AS12: 1951.1 | AT12: 1950.82 | AU12: =(AT12-AS12)/AS12 -> -0.00014350879 | AV12: 1.1053 | AW12: 1.1064 | AX12: =(AW12-AV12)/AV12 -> 0.00099520492 | AY12: 46297 | AZ12: 55687.62 | BA12: =(AZ12-AY12)/AY12 -> 0.20283431 | BB12: 4545.86 | BC12: 4982.2 | BD12: =(BC12-BB12)/BB12 -> 0.095986238 | BE12: 1951.1 | BF12: 1862.49 | BG12: =(BF12-BE12)/BE12 -> -0.045415407 | BH12: 1.1053 | BI12: 1.139 | BJ12: =(BI12-BH12)/BH12 -> 0.03048946
B13: Julho'22 | C13: 19262.9 | D13: 81272.17 | E13: =(D13-C13)/C13 -> 3.2191036 | F13: 3825.33 | G13: 4896.72 | H13: =(G13-F13)/F13 -> 0.2800778 | I13: 1807.3 | J13: 1907.09 | K13: =(J13-I13)/I13 -> 0.055214962 | L13: 1.0428 | M13: 1.1393 | N13: =(M13-L13)/L13 -> 0.092539317 | O13: 19262.9 | P13: 19991.56 | Q13: =(P13-O13)/O13 -> 0.037827118 | R13: 3825.33 | S13: 3787.62 | T13: =(S13-R13)/R13 -> -0.009857973 | U13: 1807.3 | V13: 1807.85 | W13: =(V13-U13)/U13 -> 0.00030432136 | X13: 1.0428 | Y13: 1.0479 | Z13: =(Y13-X13)/X13 -> 0.0048906789 | AA13: 19262.9 | AB13: 79741.68 | AC13: =(AB13-AA13)/AA13 -> 3.1396508 | AD13: 3825.33 | AE13: 4890.1 | AF13: =(AE13-AD13)/AD13 -> 0.27834723 | AG13: 1807.3 | AH13: 1906.97 | AI13: =(AH13-AG13)/AG13 -> 0.055148564 | AJ13: 1.0428 | AK13: 1.1384 | AL13: =(AK13-AJ13)/AJ13 -> 0.091676256 | AM13: 19262.9 | AN13: 19909.41 | AO13: =(AN13-AM13)/AM13 -> 0.033562444 | AP13: 3825.33 | AQ13: 3786.85 | AR13: =(AQ13-AP13)/AP13 -> -0.010059263 | AS13: 1807.3 | AT13: 1807.93 | AU13: =(AT13-AS13)/AS13 -> 0.00034858629 | AV13: 1.0428 | AW13: 1.0486 | AX13: =(AW13-AV13)/AV13 -> 0.0055619486 | AY13: 19262.9 | AZ13: 67559.95 | BA13: =(AZ13-AY13)/AY13 -> 2.5072575 | BB13: 3825.33 | BC13: 5243.09 | BD13: =(BC13-BB13)/BB13 -> 0.37062423 | BE13: 1807.3 | BF13: 1892.46 | BG13: =(BF13-BE13)/BE13 -> 0.047120013 | BH13: 1.0428 | BI13: 1.1371 | BJ13: =(BI13-BH13)/BH13 -> 0.090429613
B14: Outubro'22 | C14: 19311.9 | D14: 108232.08 | E14: =(D14-C14)/C14 -> 4.6044242 | F14: 3585.62 | G14: 4963.71 | H14: =(G14-F14)/F14 -> 0.38433799 | I14: 1663.6 | J14: 1948.08 | K14: =(J14-I14)/I14 -> 0.17100264 | L14: 0.9799 | M14: 1.1406 | N14: =(M14-L14)/L14 -> 0.16399633 | O14: 19311.9 | P14: 19471.51 | Q14: =(P14-O14)/O14 -> 0.0082648522 | R14: 3585.62 | S14: 3592.93 | T14: =(S14-R14)/R14 -> 0.002038699 | U14: 1663.6 | V14: 1663.93 | W14: =(V14-U14)/U14 -> 0.00019836499 | X14: 0.9799 | Y14: 0.9802 | Z14: =(Y14-X14)/X14 -> 0.00030615369 | AA14: 19311.9 | AB14: 103914.82 | AC14: =(AB14-AA14)/AA14 -> 4.3808698 | AD14: 3585.62 | AE14: 4955.55 | AF14: =(AE14-AD14)/AD14 -> 0.38206224 | AG14: 1663.6 | AH14: 1945.91 | AI14: =(AH14-AG14)/AG14 -> 0.16969824 | AJ14: 0.9799 | AK14: 1.1389 | AL14: =(AK14-AJ14)/AJ14 -> 0.16226146 | AM14: 19311.9 | AN14: 19388.49 | AO14: =(AN14-AM14)/AM14 -> 0.0039659485 | AP14: 3585.62 | AQ14: 3593.35 | AR14: =(AQ14-AP14)/AP14 -> 0.0021558336 | AS14: 1663.6 | AT14: 1662.95 | AU14: =(AT14-AS14)/AS14 -> -0.00039071892 | AV14: 0.9799 | AW14: 0.9798 | AX14: =(AW14-AV14)/AV14 -> -0.00010205123 | AY14: 19311.9 | AZ14: 72169.69 | BA14: =(AZ14-AY14)/AY14 -> 2.737058 | BB14: 3585.62 | BC14: 5363.7 | BD14: =(BC14-BB14)/BB14 -> 0.49589192 | BE14: 1663.6 | BF14: 1867.68 | BG14: =(BF14-BE14)/BE14 -> 0.12267372 | BH14: 0.9799 | BI14: 1.1193 | BJ14: =(BI14-BH14)/BH14 -> 0.14225941
B15: Janeiro'23 | C15: 16618.4 | D15: 144135.22 | E15: =(D15-C15)/C15 -> 7.6732309 | F15: 3839.5 | G15: 5031.62 | H15: =(G15-F15)/F15 -> 0.31048834 | I15: 1826 | J15: 1989.96 | K15: =(J15-I15)/I15 -> 0.089791895 | L15: 1.0702 | M15: 1.1419 | N15: =(M15-L15)/L15 -> 0.066996823 | O15: 16618.4 | P15: 16573.54 | Q15: =(P15-O15)/O15 -> -0.0026994175 | R15: 3839.5 | S15: 3841.19 | T15: =(S15-R15)/R15 -> 0.00044016148 | U15: 1826 | V15: 1826.4 | W15: =(V15-U15)/U15 -> 0.00021905805 | X15: 1.0702 | Y15: 1.0703 | Z15: =(Y15-X15)/X15 -> 9.3440478e-05 | AA15: 16618.4 | AB15: 132818.15 | AC15: =(AB15-AA15)/AA15 -> 6.9922345 | AD15: 3839.5 | AE15: 4996.2 | AF15: =(AE15-AD15)/AD15 -> 0.30126319 | AG15: 1826 | AH15: 1984.99 | AI15: =(AH15-AG15)/AG15 -> 0.087070099 | AJ15: 1.0702 | AK15: 1.1385 | AL15: =(AK15-AJ15)/AJ15 -> 0.063819847 | AM15: 16618.4 | AN15: 16519.6 | AO15: =(AN15-AM15)/AM15 -> -0.0059452173 | AP15: 3839.5 | AQ15: 3842.8 | AR15: =(AQ15-AP15)/AP15 -> 0.00085948691 | AS15: 1826 | AT15: 1825.97 | AU15: =(AT15-AS15)/AS15 -> -1.6429354e-05 | AV15: 1.0702 | AW15: 1.0697 | AX15: =(AW15-AV15)/AV15 -> -0.00046720239 | AY15: 16618.4 | AZ15: 68039.71 | BA15: =(AZ15-AY15)/AY15 -> 3.0942395 | BB15: 3839.5 | BC15: 5426 | BD15: =(BC15-BB15)/BB15 -> 0.41320484 | BE15: 1826 | BF15: 1841.81 | BG15: =(BF15-BE15)/BE15 -> 0.0086582694 | BH15: 1.0702 | BI15: 1.0961 | BJ15: =(BI15-BH15)/BH15 -> 0.024201084
A16: 2023-24 | B16: Abril'23 | C16: 28456.1 | D16: 21036.2 | E16: =(D16-C16)/C16 -> -0.26074901 | F16: 4109.31 | G16: 3881.18 | H16: =(G16-F16)/F16 -> -0.055515403 | I16: 1988.5 | J16: 1863.02 | K16: =(J16-I16)/I16 -> -0.063102841 | L16: 1.0839 | M16: 1.0707 | N16: =(M16-L16)/L16 -> -0.012178245 | O16: 28456.1 | P16: 28538.72 | Q16: =(P16-O16)/O16 -> 0.0029034197 | R16: 4109.31 | S16: 4105.2 | T16: =(S16-R16)/R16 -> -0.0010001679 | U16: 1988.5 | V16: 1988.27 | W16: =(V16-U16)/U16 -> -0.00011566507 | X16: 1.0839 | Y16: 1.084 | Z16: =(Y16-X16)/X16 -> 9.2259434e-05 | AA16: 28456.1 | AB16: 21232.53 | AC16: =(AB16-AA16)/AA16 -> -0.25384961 | AD16: 4109.31 | AE16: 3874.08 | AF16: =(AE16-AD16)/AD16 -> -0.057243187 | AG16: 1988.5 | AH16: 1862.53 | AI16: =(AH16-AG16)/AG16 -> -0.063349258 | AJ16: 1.0839 | AK16: 1.0709 | AL16: =(AK16-AJ16)/AJ16 -> -0.011993726 | AM16: 28456.1 | AN16: 28422.71 | AO16: =(AN16-AM16)/AM16 -> -0.0011733864 | AP16: 4109.31 | AQ16: 4107.01 | AR16: =(AQ16-AP16)/AP16 -> -0.00055970467 | AS16: 1988.5 | AT16: 1985.48 | AU16: =(AT16-AS16)/AS16 -> -0.0015187327 | AV16: 1.0839 | AW16: 1.0835 | AX16: =(AW16-AV16)/AV16 -> -0.00036903773 | AY16: 28456.1 | AZ16: 15127.29 | BA16: =(AZ16-AY16)/AY16 -> -0.46839904 | BB16: 4109.31 | BC16: 3856.45 | BD16: =(BC16-BB16)/BB16 -> -0.061533445 | BE16: 1988.5 | BF16: 1827.48 | BG16: =(BF16-BE16)/BE16 -> -0.08097561 | BH16: 1.0839 | BI16: 1.0533 | BJ16: =(BI16-BH16)/BH16 -> -0.028231387
B17: Julho'23 | C17: 30586.8 | D17: 26742.12 | E17: =(D17-C17)/C17 -> -0.12569736 | F17: 4450.38 | G17: 3922.19 | H17: =(G17-F17)/F17 -> -0.11868425 | I17: 1917.9 | J17: 1900.8 | K17: =(J17-I17)/I17 -> -0.0089160019 | L17: 1.091 | M17: 1.0712 | N17: =(M17-L17)/L17 -> -0.018148488 | O17: 30586.8 | P17: 30549.92 | Q17: =(P17-O17)/O17 -> -0.0012057489 | R17: 4450.38 | S17: 4445.89 | T17: =(S17-R17)/R17 -> -0.0010089026 | U17: 1917.9 | V17: 1918.35 | W17: =(V17-U17)/U17 -> 0.00023463163 | X17: 1.091 | Y17: 1.0908 | Z17: =(Y17-X17)/X17 -> -0.00018331806 | AA17: 30586.8 | AB17: 27310.98 | AC17: =(AB17-AA17)/AA17 -> -0.10709914 | AD17: 4450.38 | AE17: 3917.3 | AF17: =(AE17-AD17)/AD17 -> -0.11978303 | AG17: 1917.9 | AH17: 1901.01 | AI17: =(AH17-AG17)/AG17 -> -0.0088065071 | AJ17: 1.091 | AK17: 1.0713 | AL17: =(AK17-AJ17)/AJ17 -> -0.018056829 | AM17: 30586.8 | AN17: 30468.25 | AO17: =(AN17-AM17)/AM17 -> -0.0038758549 | AP17: 4450.38 | AQ17: 4449.25 | AR17: =(AQ17-AP17)/AP17 -> -0.0002539109 | AS17: 1917.9 | AT17: 1918.81 | AU17: =(AT17-AS17)/AS17 -> 0.00047447729 | AV17: 1.091 | AW17: 1.091 | AX17: =(AW17-AV17)/AV17 -> 0 | AY17: 30586.8 | AZ17: 14090.44 | BA17: =(AZ17-AY17)/AY17 -> -0.53932938 | BB17: 4450.38 | BC17: 3858.16 | BD17: =(BC17-BB17)/BB17 -> -0.13307178 | BE17: 1917.9 | BF17: 1849.97 | BG17: =(BF17-BE17)/BE17 -> -0.035418948 | BH17: 1.091 | BI17: 1.0405 | BJ17: =(BI17-BH17)/BH17 -> -0.046287809
B18: Outubro'23 | C18: 27974.5 | D18: 34085.5 | E18: =(D18-C18)/C18 -> 0.21844894 | F18: 4288.05 | G18: 3964.1 | H18: =(G18-F18)/F18 -> -0.07554716 | I18: 1869.5 | J18: 1939.78 | K18: =(J18-I18)/I18 -> 0.037592939 | L18: 1.057 | M18: 1.0716 | N18: =(M18-L18)/L18 -> 0.013812677 | O18: 27974.5 | P18: 27044.13 | Q18: =(P18-O18)/O18 -> -0.033257788 | R18: 4288.05 | S18: 4289.28 | T18: =(S18-R18)/R18 -> 0.00028684367 | U18: 1869.5 | V18: 1869.9 | W18: =(V18-U18)/U18 -> 0.00021396095 | X18: 1.057 | Y18: 1.0571 | Z18: =(Y18-X18)/X18 -> 9.4607379e-05 | AA18: 27974.5 | AB18: 35189.95 | AC18: =(AB18-AA18)/AA18 -> 0.25792954 | AD18: 4288.05 | AE18: 3968.35 | AF18: =(AE18-AD18)/AD18 -> -0.074556034 | AG18: 1869.5 | AH18: 1940.1 | AI18: =(AH18-AG18)/AG18 -> 0.037764108 | AJ18: 1.057 | AK18: 1.0722 | AL18: =(AK18-AJ18)/AJ18 -> 0.014380322 | AM18: 27974.5 | AN18: 26927.06 | AO18: =(AN18-AM18)/AM18 -> -0.037442671 | AP18: 4288.05 | AQ18: 4292.11 | AR18: =(AQ18-AP18)/AP18 -> 0.00094681732 | AS18: 1869.5 | AT18: 1873.08 | AU18: =(AT18-AS18)/AS18 -> 0.0019149505 | AV18: 1.057 | AW18: 1.0569 | AX18: =(AW18-AV18)/AV18 -> -9.4607379e-05 | AY18: 27974.5 | AZ18: 13445.56 | BA18: =(AZ18-AY18)/AY18 -> -0.51936371 | BB18: 4288.05 | BC18: 3873.06 | BD18: =(BC18-BB18)/BB18 -> -0.096778256 | BE18: 1869.5 | BF18: 1866.45 | BG18: =(BF18-BE18)/BE18 -> -0.0016314523 | BH18: 1.057 | BI18: 1.0299 | BJ18: =(BI18-BH18)/BH18 -> -0.0256386
B19: Janeiro'24 | C19: 44183.4 | D19: 43445.38 | E19: =(D19-C19)/C19 -> -0.016703558 | F19: 4769.83 | G19: 4006.46 | H19: =(G19-F19)/F19 -> -0.16004134 | I19: 2083.5 | J19: 1979.55 | K19: =(J19-I19)/I19 -> -0.049892009 | L19: 1.1044 | M19: 1.0721 | N19: =(M19-L19)/L19 -> -0.02924665 | O19: 44183.4 | P19: 42388.9 | Q19: =(P19-O19)/O19 -> -0.040614801 | R19: 4769.83 | S19: 4770.22 | T19: =(S19-R19)/R19 -> 8.176392e-05 | U19: 2083.5 | V19: 2083.97 | W19: =(V19-U19)/U19 -> 0.00022558195 | X19: 1.1044 | Y19: 1.1036 | Z19: =(Y19-X19)/X19 -> -0.00072437523 | AA19: 44183.4 | AB19: 44912.28 | AC19: =(AB19-AA19)/AA19 -> 0.016496693 | AD19: 4769.83 | AE19: 4012.23 | AF19: =(AE19-AD19)/AD19 -> -0.15883166 | AG19: 2083.5 | AH19: 1980.44 | AI19: =(AH19-AG19)/AG19 -> -0.049464843 | AJ19: 1.1044 | AK19: 1.0726 | AL19: =(AK19-AJ19)/AJ19 -> -0.028793915 | AM19: 44183.4 | AN19: 42253.35 | AO19: =(AN19-AM19)/AM19 -> -0.043682695 | AP19: 4769.83 | AQ19: 4768.49 | AR19: =(AQ19-AP19)/AP19 -> -0.00028093244 | AS19: 2083.5 | AT19: 2083.83 | AU19: =(AT19-AS19)/AS19 -> 0.00015838733 | AV19: 1.1044 | AW19: 1.1033 | AX19: =(AW19-AV19)/AV19 -> -0.00099601594 | AY19: 44183.4 | AZ19: 12467.87 | BA19: =(AZ19-AY19)/AY19 -> -0.71781551 | BB19: 4769.83 | BC19: 3846.89 | BD19: =(BC19-BB19)/BB19 -> -0.19349537 | BE19: 2083.5 | BF19: 1888.02 | BG19: =(BF19-BE19)/BE19 -> -0.093822894 | BH19: 1.1044 | BI19: 1.0208 | BJ19: =(BI19-BH19)/BH19 -> -0.075697211
A20: 2024-25 | B20: Abril'24 | C20: 69664.4 | D20: 53807.04 | E20: =(D20-C20)/C20 -> -0.22762501 | F20: 5243.77 | G20: 4829.41 | H20: =(G20-F20)/F20 -> -0.079019484 | I20: 2245.9 | J20: 2127.46 | K20: =(J20-I20)/I20 -> -0.052736097 | L20: 1.0743 | M20: 1.1044 | N20: =(M20-L20)/L20 -> 0.028018244 | O20: 69664.4 | P20: 71570.74 | Q20: =(P20-O20)/O20 -> 0.027364622 | R20: 5243.77 | S20: 5255.05 | T20: =(S20-R20)/R20 -> 0.0021511241 | U20: 2245.9 | V20: 2201.92 | W20: =(V20-U20)/U20 -> -0.01958235 | X20: 1.0743 | Y20: 1.0793 | Z20: =(Y20-X20)/X20 -> 0.0046541934 | AA20: 69664.4 | AB20: 53844.16 | AC20: =(AB20-AA20)/AA20 -> -0.22709217 | AD20: 5243.77 | AE20: 4834.97 | AF20: =(AE20-AD20)/AD20 -> -0.077959178 | AG20: 2245.9 | AH20: 2126.97 | AI20: =(AH20-AG20)/AG20 -> -0.052954272 | AJ20: 1.0743 | AK20: 1.1043 | AL20: =(AK20-AJ20)/AJ20 -> 0.027925161 | AM20: 69664.4 | AN20: 71257.13 | AO20: =(AN20-AM20)/AM20 -> 0.022862897 | AP20: 5243.77 | AQ20: 5252.94 | AR20: =(AQ20-AP20)/AP20 -> 0.0017487418 | AS20: 2245.9 | AT20: 2202.5 | AU20: =(AT20-AS20)/AS20 -> -0.019324102 | AV20: 1.0743 | AW20: 1.0792 | AX20: =(AW20-AV20)/AV20 -> 0.0045611096 | AY20: 69664.4 | AZ20: 43049.69 | BA20: =(AZ20-AY20)/AY20 -> -0.38204176 | BB20: 5243.77 | BC20: 4808.3 | BD20: =(BC20-BB20)/BB20 -> -0.083045214 | BE20: 2245.9 | BF20: 2112.93 | BG20: =(BF20-BE20)/BE20 -> -0.059205664 | BH20: 1.0743 | BI20: 1.0986 | BJ20: =(BI20-BH20)/BH20 -> 0.02261938
B21: Julho'24 | C21: 62890.1 | D21: 68383.38 | E21: =(D21-C21)/C21 -> 0.087347293 | F21: 5475.09 | G21: 4889.32 | H21: =(G21-F21)/F21 -> -0.1069882 | I21: 2338.9 | J21: 2171.86 | K21: =(J21-I21)/I21 -> -0.071418188 | L21: 1.0738 | M21: 1.1053 | N21: =(M21-L21)/L21 -> 0.029335072 | O21: 62890.1 | P21: 62899.29 | Q21: =(P21-O21)/O21 -> 0.00014612793 | R21: 5475.09 | S21: 5460.88 | T21: =(S21-R21)/R21 -> -0.0025953911 | U21: 2338.9 | V21: 2337.15 | W21: =(V21-U21)/U21 -> -0.00074821497 | X21: 1.0738 | Y21: 1.0713 | Z21: =(Y21-X21)/X21 -> -0.0023281803 | AA21: 62890.1 | AB21: 68781.67 | AC21: =(AB21-AA21)/AA21 -> 0.093680404 | AD21: 5475.09 | AE21: 4899.67 | AF21: =(AE21-AD21)/AD21 -> -0.10509782 | AG21: 2338.9 | AH21: 2173.47 | AI21: =(AH21-AG21)/AG21 -> -0.07072983 | AJ21: 1.0738 | AK21: 1.1049 | AL21: =(AK21-AJ21)/AJ21 -> 0.028962563 | AM21: 62890.1 | AN21: 62754.65 | AO21: =(AN21-AM21)/AM21 -> -0.0021537571 | AP21: 5475.09 | AQ21: 5461.32 | AR21: =(AQ21-AP21)/AP21 -> -0.0025150272 | AS21: 2338.9 | AT21: 2337.16 | AU21: =(AT21-AS21)/AS21 -> -0.00074393946 | AV21: 1.0738 | AW21: 1.0714 | AX21: =(AW21-AV21)/AV21 -> -0.0022350531 | AY21: 62890.1 | AZ21: 46018.02 | BA21: =(AZ21-AY21)/AY21 -> -0.26827879 | BB21: 5475.09 | BC21: 4926.2 | BD21: =(BC21-BB21)/BB21 -> -0.10025223 | BE21: 2338.9 | BF21: 2164.02 | BG21: =(BF21-BE21)/BE21 -> -0.074770191 | BH21: 1.0738 | BI21: 1.0984 | BJ21: =(BI21-BH21)/BH21 -> 0.022909294
B22: Outubro'24 | C22: 60835.5 | D22: 87137.72 | E22: =(D22-C22)/C22 -> 0.43234986 | F22: 5708.75 | G22: 4950.64 | H22: =(G22-F22)/F22 -> -0.1327979 | I22: 2678.5 | J22: 2217.69 | K22: =(J22-I22)/I22 -> -0.17204032 | L22: 1.1067 | M22: 1.1061 | N22: =(M22-L22)/L22 -> -0.00054215234 | O22: 60835.5 | P22: 63717.07 | Q22: =(P22-O22)/O22 -> 0.047366587 | R22: 5708.75 | S22: 5761.03 | T22: =(S22-R22)/R22 -> 0.0091578717 | U22: 2678.5 | V22: 2648.85 | W22: =(V22-U22)/U22 -> -0.011069629 | X22: 1.1067 | Y22: 1.1134 | Z22: =(Y22-X22)/X22 -> 0.0060540345 | AA22: 60835.5 | AB22: 87709.21 | AC22: =(AB22-AA22)/AA22 -> 0.44174388 | AD22: 5708.75 | AE22: 4960.33 | AF22: =(AE22-AD22)/AD22 -> -0.1311005 | AG22: 2678.5 | AH22: 2221.94 | AI22: =(AH22-AG22)/AG22 -> -0.17045361 | AJ22: 1.1067 | AK22: 1.1055 | AL22: =(AK22-AJ22)/AJ22 -> -0.0010843047 | AM22: 60835.5 | AN22: 63512.62 | AO22: =(AN22-AM22)/AM22 -> 0.044005885 | AP22: 5708.75 | AQ22: 5765.81 | AR22: =(AQ22-AP22)/AP22 -> 0.0099951828 | AS22: 2678.5 | AT22: 2649.99 | AU22: =(AT22-AS22)/AS22 -> -0.010644017 | AV22: 1.1067 | AW22: 1.1137 | AX22: =(AW22-AV22)/AV22 -> 0.0063251107 | AY22: 60835.5 | AZ22: 52969.62 | BA22: =(AZ22-AY22)/AY22 -> -0.12929753 | BB22: 5708.75 | BC22: 5070.21 | BD22: =(BC22-BB22)/BB22 -> -0.11185286 | BE22: 2678.5 | BF22: 2256.85 | BG22: =(BF22-BE22)/BE22 -> -0.1574202 | BH22: 1.1067 | BI22: 1.1073 | BJ22: =(BI22-BH22)/BH22 -> 0.00054215234
B23: Janeiro'25 | C23: 94560.2 | D23: 111035.48 | E23: =(D23-C23)/C23 -> 0.1742306 | F23: 5881.63 | G23: 5012.73 | H23: =(G23-F23)/F23 -> -0.14773116 | I23: 2618.1 | J23: 2264.49 | K23: =(J23-I23)/I23 -> -0.1350636 | L23: 1.0355 | M23: 1.1069 | N23: =(M23-L23)/L23 -> 0.068952197 | O23: 94560.2 | P23: 94031.43 | Q23: =(P23-O23)/O23 -> -0.0055918875 | R23: 5881.63 | S23: 5885.1 | T23: =(S23-R23)/R23 -> 0.00058997251 | U23: 2618.1 | V23: 2618.61 | W23: =(V23-U23)/U23 -> 0.00019479775 | X23: 1.0355 | Y23: 1.0354 | Z23: =(Y23-X23)/X23 -> -9.6571704e-05 | AA23: 94560.2 | AB23: 113093.36 | AC23: =(AB23-AA23)/AA23 -> 0.19599324 | AD23: 5881.63 | AE23: 5040.38 | AF23: =(AE23-AD23)/AD23 -> -0.14303008 | AG23: 2618.1 | AH23: 2273.28 | AI23: =(AH23-AG23)/AG23 -> -0.1317062 | AJ23: 1.0355 | AK23: 1.1062 | AL23: =(AK23-AJ23)/AJ23 -> 0.068276195 | AM23: 94560.2 | AN23: 63696.25 | AO23: =(AN23-AM23)/AM23 -> -0.32639472 | AP23: 5881.63 | AQ23: 5887.85 | AR23: =(AQ23-AP23)/AP23 -> 0.00105753 | AS23: 2618.1 | AT23: 2618.54 | AU23: =(AT23-AS23)/AS23 -> 0.00016806081 | AV23: 1.0355 | AW23: 1.0357 | AX23: =(AW23-AV23)/AV23 -> 0.00019314341 | AY23: 94560.2 | AZ23: 62812.84 | BA23: =(AZ23-AY23)/AY23 -> -0.33573702 | BB23: 5881.63 | BC23: 5362.26 | BD23: =(BC23-BB23)/BB23 -> -0.088303753 | BE23: 2618.1 | BF23: 2388.04 | BG23: =(BF23-BE23)/BE23 -> -0.087872885 | BH23: 1.0355 | BI23: 1.1184 | BJ23: =(BI23-BH23)/BH23 -> 0.080057943
A24: 2025-26 | B24: Abril'25 | C24: 85164.2 | D24: 118701.57 | E24: =(D24-C24)/C24 -> 0.39379657 | F24: 5633.07 | G24: 5964.96 | H24: =(G24-F24)/F24 -> 0.058918139 | I24: 3146 | J24: 2676.51 | K24: =(J24-I24)/I24 -> -0.14923395 | L24: 1.0793 | M24: 1.0354 | N24: =(M24-L24)/L24 -> -0.040674511 | O24: 85164.2 | P24: 82781.82 | Q24: =(P24-O24)/O24 -> -0.027973961 | R24: 5633.07 | S24: 5609.7 | T24: =(S24-R24)/R24 -> -0.0041487146 | U24: 3146 | V24: 3150.21 | W24: =(V24-U24)/U24 -> 0.0013382072 | X24: 1.0793 | Y24: 1.0817 | Z24: =(Y24-X24)/X24 -> 0.0022236635 | AA24: 85164.2 | AB24: 118531.81 | AC24: =(AB24-AA24)/AA24 -> 0.39180325 | AD24: 5633.07 | AE24: 5956.59 | AF24: =(AE24-AD24)/AD24 -> 0.057432271 | AG24: 3146 | AH24: 2677.36 | AI24: =(AH24-AG24)/AG24 -> -0.14896376 | AJ24: 1.0793 | AK24: 1.0351 | AL24: =(AK24-AJ24)/AJ24 -> -0.040952469 | AM24: 85164.2 | AN24: 82653.07 | AO24: =(AN24-AM24)/AM24 -> -0.029485746 | AP24: 5633.07 | AQ24: 5613.96 | AR24: =(AQ24-AP24)/AP24 -> -0.0033924663 | AS24: 3146 | AT24: 3154.69 | AU24: =(AT24-AS24)/AS24 -> 0.0027622378 | AV24: 1.0793 | AW24: 1.0816 | AX24: =(AW24-AV24)/AV24 -> 0.0021310108 | AY24: 85164.2 | AZ24: 112826.64 | BA24: =(AZ24-AY24)/AY24 -> 0.32481301 | BB24: 5633.07 | BC24: 6201.37 | BD24: =(BC24-BB24)/BB24 -> 0.10088637 | BE24: 3146 | BF24: 2754.09 | BG24: =(BF24-BE24)/BE24 -> -0.12457406 | BH24: 1.0793 | BI24: 1.0332 | BJ24: =(BI24-BH24)/BH24 -> -0.042712869
B25: Julho'25 | C25: 105694.3 | D25: 150391.75 | E25: =(D25-C25)/C25 -> 0.42289367 | F25: 6198.01 | G25: 6048.59 | H25: =(G25-F25)/F25 -> -0.024107738 | I25: 3349.8 | J25: 2736.32 | K25: =(J25-I25)/I25 -> -0.18313929 | L25: 1.1807 | M25: 1.0354 | N25: =(M25-L25)/L25 -> -0.12306259 | O25: 105694.3 | P25: 107303.54 | Q25: =(P25-O25)/O25 -> 0.015225419 | R25: 6198.01 | S25: 6203.02 | T25: =(S25-R25)/R25 -> 0.00080832396 | U25: 3349.8 | V25: 3308.87 | W25: =(V25-U25)/U25 -> -0.01221864 | X25: 1.1807 | Y25: 1.1786 | Z25: =(Y25-X25)/X25 -> -0.0017786059 | AA25: 105694.3 | AB25: 149133.73 | AC25: =(AB25-AA25)/AA25 -> 0.41099123 | AD25: 6198.01 | AE25: 6035.81 | AF25: =(AE25-AD25)/AD25 -> -0.02616969 | AG25: 3349.8 | AH25: 2743.04 | AI25: =(AH25-AG25)/AG25 -> -0.1811332 | AJ25: 1.1807 | AK25: 1.0359 | AL25: =(AK25-AJ25)/AJ25 -> -0.12263911 | AM25: 105694.3 | AN25: 107476.83 | AO25: =(AN25-AM25)/AM25 -> 0.016864959 | AP25: 6198.01 | AQ25: 6204.19 | AR25: =(AQ25-AP25)/AP25 -> 0.00099709423 | AS25: 3349.8 | AT25: 3310.75 | AU25: =(AT25-AS25)/AS25 -> -0.011657412 | AV25: 1.1807 | AW25: 1.1788 | AX25: =(AW25-AV25)/AV25 -> -0.0016092149 | AY25: 105694.3 | AZ25: 131330.5 | BA25: =(AZ25-AY25)/AY25 -> 0.24255045 | BB25: 6198.01 | BC25: 6427.06 | BD25: =(BC25-BB25)/BB25 -> 0.03695541 | BE25: 3349.8 | BF25: 2926.5 | BG25: =(BF25-BE25)/BE25 -> -0.12636575 | BH25: 1.1807 | BI25: 1.0368 | BJ25: =(BI25-BH25)/BH25 -> -0.12187685
B26: Outubro'25 | C26: 118576.2 | D26: 191038.51 | E26: =(D26-C26)/C26 -> 0.61110332 | F26: 6711.2 | G26: 6134.33 | H26: =(G26-F26)/F26 -> -0.085956312 | I26: 3897.5 | J26: 2798.15 | K26: =(J26-I26)/I26 -> -0.28206543 | L26: 1.173 | M26: 1.0355 | N26: =(M26-L26)/L26 -> -0.1172208 | O26: 118576.2 | P26: 114009.09 | Q26: =(P26-O26)/O26 -> -0.038516245 | R26: 6711.2 | S26: 6687.09 | T26: =(S26-R26)/R26 -> -0.0035925021 | U26: 3897.5 | V26: 3873.16 | W26: =(V26-U26)/U26 -> -0.0062450289 | X26: 1.173 | Y26: 1.1734 | Z26: =(Y26-X26)/X26 -> 0.00034100597 | AA26: 118576.2 | AB26: 188503.41 | AC26: =(AB26-AA26)/AA26 -> 0.58972382 | AD26: 6711.2 | AE26: 6122.65 | AF26: =(AE26-AD26)/AD26 -> -0.087696686 | AG26: 3897.5 | AH26: 2809.11 | AI26: =(AH26-AG26)/AG26 -> -0.27925337 | AJ26: 1.173 | AK26: 1.0371 | AL26: =(AK26-AJ26)/AJ26 -> -0.11585678 | AM26: 118576.2 | AN26: 114414.37 | AO26: =(AN26-AM26)/AM26 -> -0.035098359 | AP26: 6711.2 | AQ26: 6691.34 | AR26: =(AQ26-AP26)/AP26 -> -0.0029592323 | AS26: 3897.5 | AT26: 3870.65 | AU26: =(AT26-AS26)/AS26 -> -0.0068890314 | AV26: 1.173 | AW26: 1.1735 | AX26: =(AW26-AV26)/AV26 -> 0.00042625746 | AY26: 118576.2 | AZ26: 156050.74 | BA26: =(AZ26-AY26)/AY26 -> 0.31603762 | BB26: 6711.2 | BC26: 6690.16 | BD26: =(BC26-BB26)/BB26 -> -0.0031350578 | BE26: 3897.5 | BF26: 3133.09 | BG26: =(BF26-BE26)/BE26 -> -0.19612829 | BH26: 1.173 | BI26: 1.045 | BJ26: =(BI26-BH26)/BH26 -> -0.10912191
B27: Janeiro'26 | C27: 88812.1 | D27: 242670.96 | E27: =(D27-C27)/C27 -> 1.7324088 | F27: 6845.5 | G27: 6221.28 | H27: =(G27-F27)/F27 -> -0.091186911 | I27: 4361.55 | J27: 2861.37 | K27: =(J27-I27)/I27 -> -0.3439557 | L27: 1.1746 | M27: 1.0356 | N27: =(M27-L27)/L27 -> -0.11833816 | O27: 88812.1 | P27: 87723.76 | Q27: =(P27-O27)/O27 -> -0.012254411 | R27: 6845.5 | S27: 6851 | T27: =(S27-R27)/R27 -> 0.00080344752 | U27: 4361.55 | V27: 4387.77 | W27: =(V27-U27)/U27 -> 0.0060116243 | X27: 1.1746 | Y27: 1.1746 | Z27: =(Y27-X27)/X27 -> 0 | AA27: 88812.1 | AB27: 237401.93 | AC27: =(AB27-AA27)/AA27 -> 1.6730809 | AD27: 6845.5 | AE27: 6218.15 | AF27: =(AE27-AD27)/AD27 -> -0.091644146 | AG27: 4361.55 | AH27: 2882.8 | AI27: =(AH27-AG27)/AG27 -> -0.33904231 | AJ27: 1.1746 | AK27: 1.0383 | AL27: =(AK27-AJ27)/AJ27 -> -0.1160395 | AM27: 88812.1 | AN27: 87769.46 | AO27: =(AN27-AM27)/AM27 -> -0.011739842 | AP27: 6845.5 | AQ27: 6851.81 | AR27: =(AQ27-AP27)/AP27 -> 0.00092177343 | AS27: 4361.55 | AT27: 4397.17 | AU27: =(AT27-AS27)/AS27 -> 0.0081668214 | AV27: 1.1746 | AW27: 1.1747 | AX27: =(AW27-AV27)/AV27 -> 8.5135365e-05 | AY27: 88812.1 | AZ27: 179924.52 | BA27: =(AZ27-AY27)/AY27 -> 1.025901 | BB27: 6845.5 | BC27: 7061 | BD27: =(BC27-BB27)/BB27 -> 0.031480535 | BE27: 4361.55 | BF27: 3428.53 | BG27: =(BF27-BE27)/BE27 -> -0.21391936 | BH27: 1.1746 | BI27: 1.0554 | BJ27: =(BI27-BH27)/BH27 -> -0.10148136
D28: ABS AVG | E28: {=AVERAGE(ABS(E4:E27))} -> 1.026544 | G28: ABS AVG | H28: {=AVERAGE(ABS(H4:H27))} -> 0.13016717 | J28: ABS AVG | K28: {=AVERAGE(ABS(K4:K27))} -> 0.11815919 | M28: ABS AVG | N28: {=AVERAGE(ABS(N4:N27))} -> 0.05482189 | P28: ABS AVG | Q28: {=AVERAGE(ABS(Q4:Q27))} -> 0.023603106 | S28: ABS AVG | T28: {=AVERAGE(ABS(T4:T27))} -> 0.0053669333 | V28: ABS AVG | W28: {=AVERAGE(ABS(W4:W27))} -> 0.0040144838 | Y28: ABS AVG | Z28: {=AVERAGE(ABS(Z4:Z27))} -> 0.0017264471 | AB28: ABS AVG | AC28: {=AVERAGE(ABS(AC4:AC27))} -> 0.97926703 | AE28: ABS AVG | AF28: {=AVERAGE(ABS(AF4:AF27))} -> 0.12912372 | AH28: ABS AVG | AI28: {=AVERAGE(ABS(AI4:AI27))} -> 0.1165848 | AK28: ABS AVG | AL28: {=AVERAGE(ABS(AL4:AL27))} -> 0.054183548 | AN28: ABS AVG | AO28: {=AVERAGE(ABS(AO4:AO27))} -> 0.036161157 | AQ28: ABS AVG | AR28: {=AVERAGE(ABS(AR4:AR27))} -> 0.0055213967 | AT28: ABS AVG | AU28: {=AVERAGE(ABS(AU4:AU27))} -> 0.0043725639 | AW28: ABS AVG | AX28: {=AVERAGE(ABS(AX4:AX27))} -> 0.0017571768 | AZ28: ABS AVG | BA28: {=AVERAGE(ABS(BA4:BA27))} -> 0.69414892 | BC28: ABS AVG | BD28: {=AVERAGE(ABS(BD4:BD27))} -> 0.12555312 | BF28: ABS AVG | BG28: {=AVERAGE(ABS(BG4:BG27))} -> 0.10299876 | BI28: ABS AVG | BJ28: {=AVERAGE(ABS(BJ4:BJ27))} -> 0.059392464
D29: MAX DIF | E29: {=MAX(ABS(E4:E27))} -> 7.6732309 | G29: MAX DIF | H29: {=MAX(ABS(H4:H27))} -> 0.38433799 | J29: MAX DIF | K29: {=MAX(ABS(K4:K27))} -> 0.3439557 | M29: MAX DIF | N29: {=MAX(ABS(N4:N27))} -> 0.16399633 | P29: MAX DIF | Q29: {=MAX(ABS(Q4:Q27))} -> 0.088091223 | S29: MAX DIF | T29: {=MAX(ABS(T4:T27))} -> 0.048249342 | V29: MAX DIF | W29: {=MAX(ABS(W4:W27))} -> 0.01958235 | Y29: MAX DIF | Z29: {=MAX(ABS(Z4:Z27))} -> 0.0060540345 | AB29: MAX DIF | AC29: {=MAX(ABS(AC4:AC27))} -> 6.9922345 | AE29: MAX DIF | AF29: {=MAX(ABS(AF4:AF27))} -> 0.38206224 | AH29: MAX DIF | AI29: {=MAX(ABS(AI4:AI27))} -> 0.33904231 | AK29: MAX DIF | AL29: {=MAX(ABS(AL4:AL27))} -> 0.16226146 | AN29: MAX DIF | AO29: {=MAX(ABS(AO4:AO27))} -> 0.32639472 | AQ29: MAX DIF | AR29: {=MAX(ABS(AR4:AR27))} -> 0.05225258 | AT29: MAX DIF | AU29: {=MAX(ABS(AU4:AU27))} -> 0.019324102 | AW29: MAX DIF | AX29: {=MAX(ABS(AX4:AX27))} -> 0.0063251107 | AZ29: MAX DIF | BA29: {=MAX(ABS(BA4:BA27))} -> 3.0942395 | BC29: MAX DIF | BD29: {=MAX(ABS(BD4:BD27))} -> 0.49589192 | BF29: MAX DIF | BG29: {=MAX(ABS(BG4:BG27))} -> 0.21391936 | BI29: MAX DIF | BJ29: {=MAX(ABS(BJ4:BJ27))} -> 0.14225941
D30: ABS P50 | E30: {=MEDIAN(ABS(E4:E27))} -> 0.4198375 | G30: ABS P50 | H30: {=MEDIAN(ABS(H4:H27))} -> 0.10592747 | J30: ABS P50 | K30: {=MEDIAN(ABS(K4:K27))} -> 0.11830693 | M30: ABS P50 | N30: {=MEDIAN(ABS(N4:N27))} -> 0.039997553 | P30: ABS P50 | Q30: {=MEDIAN(ABS(Q4:Q27))} -> 0.017710703 | S30: ABS P50 | T30: {=MEDIAN(ABS(T4:T27))} -> 0.0020949116 | V30: ABS P50 | W30: {=MEDIAN(ABS(W4:W27))} -> 0.00080649071 | Y30: ABS P50 | Z30: {=MEDIAN(ABS(Z4:Z27))} -> 0.00096594818 | AB30: ABS P50 | AC30: {=MEDIAN(ABS(AC4:AC27))} -> 0.40139724 | AE30: ABS P50 | AF30: {=MEDIAN(ABS(AF4:AF27))} -> 0.105154 | AH30: ABS P50 | AI30: {=MEDIAN(ABS(AI4:AI27))} -> 0.11726474 | AK30: ABS P50 | AL30: {=MEDIAN(ABS(AL4:AL27))} -> 0.040051606 | AN30: ABS P50 | AO30: {=MEDIAN(ABS(AO4:AO27))} -> 0.020401836 | AQ30: ABS P50 | AR30: {=MEDIAN(ABS(AR4:AR27))} -> 0.0020007345 | AT30: ABS P50 | AU30: {=MEDIAN(ABS(AU4:AU27))} -> 0.0017168416 | AW30: ABS P50 | AX30: {=MEDIAN(ABS(AX4:AX27))} -> 0.00099561043 | AZ30: ABS P50 | BA30: {=MEDIAN(ABS(BA4:BA27))} -> 0.36219912 | BC30: ABS P50 | BD30: {=MEDIAN(ABS(BD4:BD27))} -> 0.087038115 | BF30: ABS P50 | BG30: {=MEDIAN(ABS(BG4:BG27))} -> 0.097122133 | BI30: ABS P50 | BJ30: {=MEDIAN(ABS(BJ4:BJ27))} -> 0.044835329
B33: CONTINUEI APENAS O MONTHLY (MELHOR) E O STATIC (CURIOSO), MELHOREI O MONTHLY MAS OS ERROS PIORARAM BASTANTE PORQUE NOTEI UM ERRO NO ANCHORING - ERA FEITO ANTES DO PRINT, NÃO DEPOIS

Sheet ARIMA ANALYSIS
A1: ABS AVG | B1: Static | C1: Monthly | D1: Monthly Prop | E1: Rolling | F1: Rolling Prop
A2: Bitcoin | B2: ='ARIMA DATA'!E28 -> 1.026544 | C2: ='ARIMA DATA'!Q28 -> 0.023603106 | D2: ='ARIMA DATA'!AC28 -> 0.97926703 | E2: ='ARIMA DATA'!AO28 -> 0.036161157 | F2: ='ARIMA DATA'!BA28 -> 0.69414892
A3: S&P500 | B3: ='ARIMA DATA'!H28 -> 0.13016717 | C3: ='ARIMA DATA'!T28 -> 0.0053669333 | D3: ='ARIMA DATA'!AF28 -> 0.12912372 | E3: ='ARIMA DATA'!AR28 -> 0.0055213967 | F3: ='ARIMA DATA'!BD28 -> 0.12555312
B4: 0 | C4: 0 | D4: 0 | E4: 0 | F4: 0
B5: 0 | C5: 0 | D5: 0 | E5: 0 | F5: 0
B6: 0 | C6: 0 | D6: 0 | E6: 0 | F6: 0
A7: Gold | B7: ='ARIMA DATA'!K28 -> 0.11815919 | C7: ='ARIMA DATA'!W28 -> 0.0040144838 | D7: ='ARIMA DATA'!AI28 -> 0.1165848 | E7: ='ARIMA DATA'!AU28 -> 0.0043725639 | F7: ='ARIMA DATA'!BG28 -> 0.10299876
A8: EUR/USD | B8: ='ARIMA DATA'!N28 -> 0.05482189 | C8: ='ARIMA DATA'!Z28 -> 0.0017264471 | D8: ='ARIMA DATA'!AL28 -> 0.054183548 | E8: ='ARIMA DATA'!AX28 -> 0.0017571768 | F8: ='ARIMA DATA'!BJ28 -> 0.059392464
A10: MAX DIF | B10: Static | C10: Monthly | D10: Monthly Prop | E10: Rolling | F10: Rolling Prop
A11: Bitcoin | B11: ='ARIMA DATA'!E29 -> 7.6732309 | C11: ='ARIMA DATA'!Q29 -> 0.088091223 | D11: ='ARIMA DATA'!AC29 -> 6.9922345 | E11: ='ARIMA DATA'!AO29 -> 0.32639472 | F11: ='ARIMA DATA'!BA29 -> 3.0942395
A12: S&P500 | B12: ='ARIMA DATA'!H29 -> 0.38433799 | C12: ='ARIMA DATA'!T29 -> 0.048249342 | D12: ='ARIMA DATA'!AF29 -> 0.38206224 | E12: ='ARIMA DATA'!AR29 -> 0.05225258 | F12: ='ARIMA DATA'!BD29 -> 0.49589192
A13: Gold | B13: ='ARIMA DATA'!K29 -> 0.3439557 | C13: ='ARIMA DATA'!W29 -> 0.01958235 | D13: ='ARIMA DATA'!AI29 -> 0.33904231 | E13: ='ARIMA DATA'!AU29 -> 0.019324102 | F13: ='ARIMA DATA'!BG29 -> 0.21391936
A14: EUR/USD | B14: ='ARIMA DATA'!N29 -> 0.16399633 | C14: ='ARIMA DATA'!Z29 -> 0.0060540345 | D14: ='ARIMA DATA'!AL29 -> 0.16226146 | E14: ='ARIMA DATA'!AX29 -> 0.0063251107 | F14: ='ARIMA DATA'!BJ29 -> 0.14225941
A16: MEDIANA | B16: Static | C16: Monthly | D16: Monthly Prop | E16: Rolling | F16: Rolling Prop
A17: Bitcoin | B17: ='ARIMA DATA'!E30 -> 0.4198375 | C17: ='ARIMA DATA'!Q30 -> 0.017710703 | D17: ='ARIMA DATA'!AC30 -> 0.40139724 | E17: ='ARIMA DATA'!AO30 -> 0.020401836 | F17: ='ARIMA DATA'!BA30 -> 0.36219912
A18: S&P500 | B18: ='ARIMA DATA'!H30 -> 0.10592747 | C18: ='ARIMA DATA'!T30 -> 0.0020949116 | D18: ='ARIMA DATA'!AF30 -> 0.105154 | E18: ='ARIMA DATA'!AR30 -> 0.0020007345 | F18: ='ARIMA DATA'!BD30 -> 0.087038115
A19: Gold | B19: ='ARIMA DATA'!K30 -> 0.11830693 | C19: ='ARIMA DATA'!W30 -> 0.00080649071 | D19: ='ARIMA DATA'!AI30 -> 0.11726474 | E19: ='ARIMA DATA'!AU30 -> 0.0017168416 | F19: ='ARIMA DATA'!BG30 -> 0.097122133
A20: EUR/USD | B20: ='ARIMA DATA'!N30 -> 0.039997553 | C20: ='ARIMA DATA'!Z30 -> 0.00096594818 | D20: ='ARIMA DATA'!AL30 -> 0.040051606 | E20: ='ARIMA DATA'!AX30 -> 0.00099561043 | F20: ='ARIMA DATA'!BJ30 -> 0.044835329
